origin,destination,departure_date,trip_type,return_origin,return_destination,return_date,cash_detail_status,cash_detail_source,legs,outbound_origin,outbound_destination,outbound_date,outbound_depart_time,outbound_arrive_time,outbound_flight_numbers,outbound_carriers,outbound_stops,outbound_duration_minutes,outbound_duration_display,return_depart_time,return_arrive_time,return_flight_numbers,return_carriers,return_stops,return_duration_minutes,return_duration_display,depart_time,arrive_time,flight_numbers,carriers,cabin,stops,source_type,source_name,points,cash_price_usd,cash_price_amount,cash_price_currency,taxes_usd,effective_usd,bookable,remaining_seats,confidence,evidence_path,stop_penalty_usd,duration_penalty_usd,time_penalty_usd,next_day_penalty_usd,score,flags,provider_rank,provider_is_best,provider_current_price,duration_minutes,duration_display,raw_price,delay
DTW,SJC,2026-11-30,one-way,,,,complete,fli,"{'outbound': {'direction': 'outbound', 'origin': 'DTW', 'destination': 'SJC', 'date': '2026-11-30', 'depart_time': '10:40', 'arrive_time': '14:40', 'flight_numbers': 'WN 1076 / WN 2445', 'carriers': 'WN', 'stops': 1, 'duration_minutes': 420, 'duration_display': '7h'}, 'return': {'direction': 'return', 'origin': '', 'destination': '', 'date': '', 'depart_time': '', 'arrive_time': '', 'flight_numbers': '', 'carriers': '', 'stops': '', 'duration_minutes': '', 'duration_display': ''}}",DTW,SJC,2026-11-30,10:40,14:40,WN 1076 / WN 2445,WN,1,420,7h,,,,,,,,10:40,14:40,WN 1076 / WN 2445,WN,economy,1,cash,fli,,367.0,367.0,USD,,367.0,True,,medium,/Users/dengcy/Library/Mobile Documents/com~apple~CloudDocs/Agent/Flight_search/cash/data/raw/dtw_sjc_2026-11-30_economy_fli_raw.json,50.0,35.0,0.0,0.0,452.0,,2,False,,420,7h,USD 367.00,
DTW,SJC,2026-11-30,one-way,,,,complete,fli,"{'outbound': {'direction': 'outbound', 'origin': 'DTW', 'destination': 'SJC', 'date': '2026-11-30', 'depart_time': '06:05', 'arrive_time': '13:45', 'flight_numbers': 'WN 1874 / WN 1796', 'carriers': 'WN', 'stops': 1, 'duration_minutes': 640, 'duration_display': '10h 40m'}, 'return': {'direction': 'return', 'origin': '', 'destination': '', 'date': '', 'depart_time': '', 'arrive_time': '', 'flight_numbers': '', 'carriers': '', 'stops': '', 'duration_minutes': '', 'duration_display': ''}}",DTW,SJC,2026-11-30,06:05,13:45,WN 1874 / WN 1796,WN,1,640,10h 40m,,,,,,,,06:05,13:45,WN 1874 / WN 1796,WN,economy,1,cash,fli,,372.0,372.0,USD,,372.0,True,,medium,/Users/dengcy/Library/Mobile Documents/com~apple~CloudDocs/Agent/Flight_search/cash/data/raw/dtw_sjc_2026-11-30_economy_fli_raw.json,50.0,53.33,50.0,0.0,525.33,early departure,6,False,,640,10h 40m,USD 372.00,
DTW,SJC,2026-11-30,one-way,,,,complete,fli,"{'outbound': {'direction': 'outbound', 'origin': 'DTW', 'destination': 'SJC', 'date': '2026-11-30', 'depart_time': '10:40', 'arrive_time': '16:50', 'flight_numbers': 'WN 1076 / WN 4556', 'carriers': 'WN', 'stops': 1, 'duration_minutes': 550, 'duration_display': '9h 10m'}, 'return': {'direction': 'return', 'origin': '', 'destination': '', 'date': '', 'depart_time': '', 'arrive_time': '', 'flight_numbers': '', 'carriers': '', 'stops': '', 'duration_minutes': '', 'duration_display': ''}}",DTW,SJC,2026-11-30,10:40,16:50,WN 1076 / WN 4556,WN,1,550,9h 10m,,,,,,,,10:40,16:50,WN 1076 / WN 4556,WN,economy,1,cash,fli,,434.0,434.0,USD,,434.0,True,,medium,/Users/dengcy/Library/Mobile Documents/com~apple~CloudDocs/Agent/Flight_search/cash/data/raw/dtw_sjc_2026-11-30_economy_fli_raw.json,50.0,45.83,0.0,0.0,529.83,,10,False,,550,9h 10m,USD 434.00,
DTW,SJC,2026-11-30,one-way,,,,complete,fli,"{'outbound': {'direction': 'outbound', 'origin': 'DTW', 'destination': 'SJC', 'date': '2026-11-30', 'depart_time': '12:50', 'arrive_time': '19:45', 'flight_numbers': 'WN 971 / WN 2740', 'carriers': 'WN', 'stops': 1, 'duration_minutes': 595, 'duration_display': '9h 55m'}, 'return': {'direction': 'return', 'origin': '', 'destination': '', 'date': '', 'depart_time': '', 'arrive_time': '', 'flight_numbers': '', 'carriers': '', 'stops': '', 'duration_minutes': '', 'duration_display': ''}}",DTW,SJC,2026-11-30,12:50,19:45,WN 971 / WN 2740,WN,1,595,9h 55m,,,,,,,,12:50,19:45,WN 971 / WN 2740,WN,economy,1,cash,fli,,434.0,434.0,USD,,434.0,True,,medium,/Users/dengcy/Library/Mobile Documents/com~apple~CloudDocs/Agent/Flight_search/cash/data/raw/dtw_sjc_2026-11-30_economy_fli_raw.json,50.0,49.58,0.0,0.0,533.58,,11,False,,595,9h 55m,USD 434.00,
DTW,SJC,2026-11-30,one-way,,,,complete,fli,"{'outbound': {'direction': 'outbound', 'origin': 'DTW', 'destination': 'SJC', 'date': '2026-11-30', 'depart_time': '10:40', 'arrive_time': '20:35', 'flight_numbers': 'WN 1076 / WN 4451 / WN 4451', 'carriers': 'WN', 'stops': 2, 'duration_minutes': 775, 'duration_display': '12h 55m'}, 'return': {'direction': 'return', 'origin': '', 'destination': '', 'date': '', 'depart_time': '', 'arrive_time': '', 'flight_numbers': '', 'carriers': '', 'stops': '', 'duration_minutes': '', 'duration_display': ''}}",DTW,SJC,2026-11-30,10:40,20:35,WN 1076 / WN 4451 / WN 4451,WN,2,775,12h 55m,,,,,,,,10:40,20:35,WN 1076 / WN 4451 / WN 4451,WN,economy,2,cash,fli,,378.0,378.0,USD,,378.0,True,,medium,/Users/dengcy/Library/Mobile Documents/com~apple~CloudDocs/Agent/Flight_search/cash/data/raw/dtw_sjc_2026-11-30_economy_fli_raw.json,100.0,64.58,0.0,0.0,542.58,,8,False,,775,12h 55m,USD 378.00,
DTW,SJC,2026-11-30,one-way,,,,complete,fli,"{'outbound': {'direction': 'outbound', 'origin': 'DTW', 'destination': 'SJC', 'date': '2026-11-30', 'depart_time': '08:25', 'arrive_time': '21:45', 'flight_numbers': 'WN 1877 / WN 3564 / WN 356', 'carriers': 'WN', 'stops': 2, 'duration_minutes': 980, 'duration_display': '16h 20m'}, 'return': {'direction': 'return', 'origin': '', 'destination': '', 'date': '', 'depart_time': '', 'arrive_time': '', 'flight_numbers': '', 'carriers': '', 'stops': '', 'duration_minutes': '', 'duration_display': ''}}",DTW,SJC,2026-11-30,08:25,21:45,WN 1877 / WN 3564 / WN 356,WN,2,980,16h 20m,,,,,,,,08:25,21:45,WN 1877 / WN 3564 / WN 356,WN,economy,2,cash,fli,,364.0,364.0,USD,,364.0,True,,medium,/Users/dengcy/Library/Mobile Documents/com~apple~CloudDocs/Agent/Flight_search/cash/data/raw/dtw_sjc_2026-11-30_economy_fli_raw.json,100.0,81.67,0.0,0.0,545.67,,1,True,,980,16h 20m,USD 364.00,
DTW,SJC,2026-11-30,one-way,,,,complete,fli,"{'outbound': {'direction': 'outbound', 'origin': 'DTW', 'destination': 'SJC', 'date': '2026-11-30', 'depart_time': '10:40', 'arrive_time': '19:10', 'flight_numbers': 'WN 1076 / WN 879', 'carriers': 'WN', 'stops': 1, 'duration_minutes': 690, 'duration_display': '11h 30m'}, 'return': {'direction': 'return', 'origin': '', 'destination': '', 'date': '', 'depart_time': '', 'arrive_time': '', 'flight_numbers': '', 'carriers': '', 'stops': '', 'duration_minutes': '', 'duration_display': ''}}",DTW,SJC,2026-11-30,10:40,19:10,WN 1076 / WN 879,WN,1,690,11h 30m,,,,,,,,10:40,19:10,WN 1076 / WN 879,WN,economy,1,cash,fli,,439.0,439.0,USD,,439.0,True,,medium,/Users/dengcy/Library/Mobile Documents/com~apple~CloudDocs/Agent/Flight_search/cash/data/raw/dtw_sjc_2026-11-30_economy_fli_raw.json,50.0,57.5,0.0,0.0,546.5,,17,False,,690,11h 30m,USD 439.00,
DTW,SJC,2026-11-30,one-way,,,,complete,fli,"{'outbound': {'direction': 'outbound', 'origin': 'DTW', 'destination': 'SJC', 'date': '2026-11-30', 'depart_time': '08:25', 'arrive_time': '12:40', 'flight_numbers': 'WN 1877 / WN 3035', 'carriers': 'WN', 'stops': 1, 'duration_minutes': 435, 'duration_display': '7h 15m'}, 'return': {'direction': 'return', 'origin': '', 'destination': '', 'date': '', 'depart_time': '', 'arrive_time': '', 'flight_numbers': '', 'carriers': '', 'stops': '', 'duration_minutes': '', 'duration_display': ''}}",DTW,SJC,2026-11-30,08:25,12:40,WN 1877 / WN 3035,WN,1,435,7h 15m,,,,,,,,08:25,12:40,WN 1877 / WN 3035,WN,economy,1,cash,fli,,467.0,467.0,USD,,467.0,True,,medium,/Users/dengcy/Library/Mobile Documents/com~apple~CloudDocs/Agent/Flight_search/cash/data/raw/dtw_sjc_2026-11-30_economy_fli_raw.json,50.0,36.25,0.0,0.0,553.25,,26,False,,435,7h 15m,USD 467.00,
DTW,SJC,2026-11-30,one-way,,,,complete,fli,"{'outbound': {'direction': 'outbound', 'origin': 'DTW', 'destination': 'SJC', 'date': '2026-11-30', 'depart_time': '08:25', 'arrive_time': '22:50', 'flight_numbers': 'WN 1877 / WN 3564 / WN 2447', 'carriers': 'WN', 'stops': 2, 'duration_minutes': 1045, 'duration_display': '17h 25m'}, 'return': {'direction': 'return', 'origin': '', 'destination': '', 'date': '', 'depart_time': '', 'arrive_time': '', 'flight_numbers': '', 'carriers': '', 'stops': '', 'duration_minutes': '', 'duration_display': ''}}",DTW,SJC,2026-11-30,08:25,22:50,WN 1877 / WN 3564 / WN 2447,WN,2,1045,17h 25m,,,,,,,,08:25,22:50,WN 1877 / WN 3564 / WN 2447,WN,economy,2,cash,fli,,369.0,369.0,USD,,369.0,True,,medium,/Users/dengcy/Library/Mobile Documents/com~apple~CloudDocs/Agent/Flight_search/cash/data/raw/dtw_sjc_2026-11-30_economy_fli_raw.json,100.0,87.08,0.0,0.0,556.08,,3,False,,1045,17h 25m,USD 369.00,
DTW,SJC,2026-11-30,one-way,,,,complete,fli,"{'outbound': {'direction': 'outbound', 'origin': 'DTW', 'destination': 'SJC', 'date': '2026-11-30', 'depart_time': '06:05', 'arrive_time': '12:10', 'flight_numbers': 'WN 1874 / WN 1764 / WN 1764', 'carriers': 'WN', 'stops': 2, 'duration_minutes': 545, 'duration_display': '9h 5m'}, 'return': {'direction': 'return', 'origin': '', 'destination': '', 'date': '', 'depart_time': '', 'arrive_time': '', 'flight_numbers': '', 'carriers': '', 'stops': '', 'duration_minutes': '', 'duration_display': ''}}",DTW,SJC,2026-11-30,06:05,12:10,WN 1874 / WN 1764 / WN 1764,WN,2,545,9h 5m,,,,,,,,06:05,12:10,WN 1874 / WN 1764 / WN 1764,WN,economy,2,cash,fli,,372.0,372.0,USD,,372.0,True,,medium,/Users/dengcy/Library/Mobile Documents/com~apple~CloudDocs/Agent/Flight_search/cash/data/raw/dtw_sjc_2026-11-30_economy_fli_raw.json,100.0,45.42,50.0,0.0,567.42,early departure,4,False,,545,9h 5m,USD 372.00,
DTW,SJC,2026-11-30,one-way,,,,complete,fli,"{'outbound': {'direction': 'outbound', 'origin': 'DTW', 'destination': 'SJC', 'date': '2026-11-30', 'depart_time': '06:05', 'arrive_time': '10:15', 'flight_numbers': 'WN 1874 / WN 1795', 'carriers': 'WN', 'stops': 1, 'duration_minutes': 430, 'duration_display': '7h 10m'}, 'return': {'direction': 'return', 'origin': '', 'destination': '', 'date': '', 'depart_time': '', 'arrive_time': '', 'flight_numbers': '', 'carriers': '', 'stops': '', 'duration_minutes': '', 'duration_display': ''}}",DTW,SJC,2026-11-30,06:05,10:15,WN 1874 / WN 1795,WN,1,430,7h 10m,,,,,,,,06:05,10:15,WN 1874 / WN 1795,WN,economy,1,cash,fli,,434.0,434.0,USD,,434.0,True,,medium,/Users/dengcy/Library/Mobile Documents/com~apple~CloudDocs/Agent/Flight_search/cash/data/raw/dtw_sjc_2026-11-30_economy_fli_raw.json,50.0,35.83,50.0,0.0,569.83,early departure,9,False,,430,7h 10m,USD 434.00,
DTW,SJC,2026-11-30,one-way,,,,complete,fli,"{'outbound': {'direction': 'outbound', 'origin': 'DTW', 'destination': 'SJC', 'date': '2026-11-30', 'depart_time': '06:05', 'arrive_time': '13:15', 'flight_numbers': 'WN 1874 / WN 1589 / WN 1589', 'carriers': 'WN', 'stops': 2, 'duration_minutes': 610, 'duration_display': '10h 10m'}, 'return': {'direction': 'return', 'origin': '', 'destination': '', 'date': '', 'depart_time': '', 'arrive_time': '', 'flight_numbers': '', 'carriers': '', 'stops': '', 'duration_minutes': '', 'duration_display': ''}}",DTW,SJC,2026-11-30,06:05,13:15,WN 1874 / WN 1589 / WN 1589,WN,2,610,10h 10m,,,,,,,,06:05,13:15,WN 1874 / WN 1589 / WN 1589,WN,economy,2,cash,fli,,372.0,372.0,USD,,372.0,True,,medium,/Users/dengcy/Library/Mobile Documents/com~apple~CloudDocs/Agent/Flight_search/cash/data/raw/dtw_sjc_2026-11-30_economy_fli_raw.json,100.0,50.83,50.0,0.0,572.83,early departure,5,False,,610,10h 10m,USD 372.00,
DTW,SJC,2026-11-30,one-way,,,,complete,fli,"{'outbound': {'direction': 'outbound', 'origin': 'DTW', 'destination': 'SJC', 'date': '2026-11-30', 'depart_time': '15:45', 'arrive_time': '21:45', 'flight_numbers': 'WN 1124 / WN 3535 / WN 356', 'carriers': 'WN', 'stops': 2, 'duration_minutes': 540, 'duration_display': '9h'}, 'return': {'direction': 'return', 'origin': '', 'destination': '', 'date': '', 'depart_time': '', 'arrive_time': '', 'flight_numbers': '', 'carriers': '', 'stops': '', 'duration_minutes': '', 'duration_display': ''}}",DTW,SJC,2026-11-30,15:45,21:45,WN 1124 / WN 3535 / WN 356,WN,2,540,9h,,,,,,,,15:45,21:45,WN 1124 / WN 3535 / WN 356,WN,economy,2,cash,fli,,439.0,439.0,USD,,439.0,True,,medium,/Users/dengcy/Library/Mobile Documents/com~apple~CloudDocs/Agent/Flight_search/cash/data/raw/dtw_sjc_2026-11-30_economy_fli_raw.json,100.0,45.0,0.0,0.0,584.0,,15,False,,540,9h,USD 439.00,
DTW,SJC,2026-11-30,one-way,,,,complete,fli,"{'outbound': {'direction': 'outbound', 'origin': 'DTW', 'destination': 'SJC', 'date': '2026-11-30', 'depart_time': '10:40', 'arrive_time': '17:40', 'flight_numbers': 'WN 1076 / WN 4508 / WN 2611', 'carriers': 'WN', 'stops': 2, 'duration_minutes': 600, 'duration_display': '10h'}, 'return': {'direction': 'return', 'origin': '', 'destination': '', 'date': '', 'depart_time': '', 'arrive_time': '', 'flight_numbers': '', 'carriers': '', 'stops': '', 'duration_minutes': '', 'duration_display': ''}}",DTW,SJC,2026-11-30,10:40,17:40,WN 1076 / WN 4508 / WN 2611,WN,2,600,10h,,,,,,,,10:40,17:40,WN 1076 / WN 4508 / WN 2611,WN,economy,2,cash,fli,,439.0,439.0,USD,,439.0,True,,medium,/Users/dengcy/Library/Mobile Documents/com~apple~CloudDocs/Agent/Flight_search/cash/data/raw/dtw_sjc_2026-11-30_economy_fli_raw.json,100.0,50.0,0.0,0.0,589.0,,13,False,,600,10h,USD 439.00,
DTW,SJC,2026-11-30,one-way,,,,complete,fli,"{'outbound': {'direction': 'outbound', 'origin': 'DTW', 'destination': 'SJC', 'date': '2026-11-30', 'depart_time': '15:45', 'arrive_time': '22:50', 'flight_numbers': 'WN 1124 / WN 3535 / WN 2447', 'carriers': 'WN', 'stops': 2, 'duration_minutes': 605, 'duration_display': '10h 5m'}, 'return': {'direction': 'return', 'origin': '', 'destination': '', 'date': '', 'depart_time': '', 'arrive_time': '', 'flight_numbers': '', 'carriers': '', 'stops': '', 'duration_minutes': '', 'duration_display': ''}}",DTW,SJC,2026-11-30,15:45,22:50,WN 1124 / WN 3535 / WN 2447,WN,2,605,10h 5m,,,,,,,,15:45,22:50,WN 1124 / WN 3535 / WN 2447,WN,economy,2,cash,fli,,439.0,439.0,USD,,439.0,True,,medium,/Users/dengcy/Library/Mobile Documents/com~apple~CloudDocs/Agent/Flight_search/cash/data/raw/dtw_sjc_2026-11-30_economy_fli_raw.json,100.0,50.42,0.0,0.0,589.42,,16,False,,605,10h 5m,USD 439.00,
DTW,SJC,2026-11-30,one-way,,,,complete,fli,"{'outbound': {'direction': 'outbound', 'origin': 'DTW', 'destination': 'SJC', 'date': '2026-11-30', 'depart_time': '20:05', 'arrive_time': '23:54', 'flight_numbers': 'DL 2753 / DL 1272', 'carriers': 'DL', 'stops': 1, 'duration_minutes': 409, 'duration_display': '6h 49m'}, 'return': {'direction': 'return', 'origin': '', 'destination': '', 'date': '', 'depart_time': '', 'arrive_time': '', 'flight_numbers': '', 'carriers': '', 'stops': '', 'duration_minutes': '', 'duration_display': ''}}",DTW,SJC,2026-11-30,20:05,23:54,DL 2753 / DL 1272,DL,1,409,6h 49m,,,,,,,,20:05,23:54,DL 2753 / DL 1272,DL,economy,1,cash,fli,,458.0,458.0,USD,,458.0,True,,medium,/Users/dengcy/Library/Mobile Documents/com~apple~CloudDocs/Agent/Flight_search/cash/data/raw/dtw_sjc_2026-11-30_economy_fli_raw.json,50.0,34.08,50.0,0.0,592.08,late arrival,24,False,,409,6h 49m,USD 458.00,
DTW,SJC,2026-11-30,one-way,,,,complete,fli,"{'outbound': {'direction': 'outbound', 'origin': 'DTW', 'destination': 'SJC', 'date': '2026-11-30', 'depart_time': '07:00', 'arrive_time': '12:11', 'flight_numbers': 'AS 313 / AS 520', 'carriers': 'AS', 'stops': 1, 'duration_minutes': 491, 'duration_display': '8h 11m'}, 'return': {'direction': 'return', 'origin': '', 'destination': '', 'date': '', 'depart_time': '', 'arrive_time': '', 'flight_numbers': '', 'carriers': '', 'stops': '', 'duration_minutes': '', 'duration_display': ''}}",DTW,SJC,2026-11-30,07:00,12:11,AS 313 / AS 520,AS,1,491,8h 11m,,,,,,,,07:00,12:11,AS 313 / AS 520,AS,economy,1,cash,fli,,509.0,509.0,USD,,509.0,True,,medium,/Users/dengcy/Library/Mobile Documents/com~apple~CloudDocs/Agent/Flight_search/cash/data/raw/dtw_sjc_2026-11-30_economy_fli_raw.json,50.0,40.92,0.0,0.0,599.92,,35,False,,491,8h 11m,USD 509.00,
DTW,SJC,2026-11-30,one-way,,,,complete,fli,"{'outbound': {'direction': 'outbound', 'origin': 'DTW', 'destination': 'SJC', 'date': '2026-11-30', 'depart_time': '08:25', 'arrive_time': '17:40', 'flight_numbers': 'WN 1877 / WN 2165 / WN 2611', 'carriers': 'WN', 'stops': 2, 'duration_minutes': 735, 'duration_display': '12h 15m'}, 'return': {'direction': 'return', 'origin': '', 'destination': '', 'date': '', 'depart_time': '', 'arrive_time': '', 'flight_numbers': '', 'carriers': '', 'stops': '', 'duration_minutes': '', 'duration_display': ''}}",DTW,SJC,2026-11-30,08:25,17:40,WN 1877 / WN 2165 / WN 2611,WN,2,735,12h 15m,,,,,,,,08:25,17:40,WN 1877 / WN 2165 / WN 2611,WN,economy,2,cash,fli,,445.0,445.0,USD,,445.0,True,,medium,/Users/dengcy/Library/Mobile Documents/com~apple~CloudDocs/Agent/Flight_search/cash/data/raw/dtw_sjc_2026-11-30_economy_fli_raw.json,100.0,61.25,0.0,0.0,606.25,,18,False,,735,12h 15m,USD 445.00,
DTW,SJC,2026-11-30,one-way,,,,complete,fli,"{'outbound': {'direction': 'outbound', 'origin': 'DTW', 'destination': 'SJC', 'date': '2026-11-30', 'depart_time': '17:25', 'arrive_time': '22:45', 'flight_numbers': 'WN 1198 / WN 1799', 'carriers': 'WN', 'stops': 1, 'duration_minutes': 500, 'duration_display': '8h 20m'}, 'return': {'direction': 'return', 'origin': '', 'destination': '', 'date': '', 'depart_time': '', 'arrive_time': '', 'flight_numbers': '', 'carriers': '', 'stops': '', 'duration_minutes': '', 'duration_display': ''}}",DTW,SJC,2026-11-30,17:25,22:45,WN 1198 / WN 1799,WN,1,500,8h 20m,,,,,,,,17:25,22:45,WN 1198 / WN 1799,WN,economy,1,cash,fli,,519.0,519.0,USD,,519.0,True,,medium,/Users/dengcy/Library/Mobile Documents/com~apple~CloudDocs/Agent/Flight_search/cash/data/raw/dtw_sjc_2026-11-30_economy_fli_raw.json,50.0,41.67,0.0,0.0,610.67,,37,False,,500,8h 20m,USD 519.00,
DTW,SJC,2026-11-30,one-way,,,,complete,fli,"{'outbound': {'direction': 'outbound', 'origin': 'DTW', 'destination': 'SJC', 'date': '2026-11-30', 'depart_time': '10:40', 'arrive_time': '21:45', 'flight_numbers': 'WN 1076 / WN 2362 / WN 2612', 'carriers': 'WN', 'stops': 2, 'duration_minutes': 845, 'duration_display': '14h 5m'}, 'return': {'direction': 'return', 'origin': '', 'destination': '', 'date': '', 'depart_time': '', 'arrive_time': '', 'flight_numbers': '', 'carriers': '', 'stops': '', 'duration_minutes': '', 'duration_display': ''}}",DTW,SJC,2026-11-30,10:40,21:45,WN 1076 / WN 2362 / WN 2612,WN,2,845,14h 5m,,,,,,,,10:40,21:45,WN 1076 / WN 2362 / WN 2612,WN,economy,2,cash,fli,,445.0,445.0,USD,,445.0,True,,medium,/Users/dengcy/Library/Mobile Documents/com~apple~CloudDocs/Agent/Flight_search/cash/data/raw/dtw_sjc_2026-11-30_economy_fli_raw.json,100.0,70.42,0.0,0.0,615.42,,19,False,,845,14h 5m,USD 445.00,
DTW,SJC,2026-11-30,one-way,,,,complete,fli,"{'outbound': {'direction': 'outbound', 'origin': 'DTW', 'destination': 'SJC', 'date': '2026-11-30', 'depart_time': '08:25', 'arrive_time': '14:10', 'flight_numbers': 'WN 1877 / WN 2165 / WN 2610', 'carriers': 'WN', 'stops': 2, 'duration_minutes': 525, 'duration_display': '8h 45m'}, 'return': {'direction': 'return', 'origin': '', 'destination': '', 'date': '', 'depart_time': '', 'arrive_time': '', 'flight_numbers': '', 'carriers': '', 'stops': '', 'duration_minutes': '', 'duration_display': ''}}",DTW,SJC,2026-11-30,08:25,14:10,WN 1877 / WN 2165 / WN 2610,WN,2,525,8h 45m,,,,,,,,08:25,14:10,WN 1877 / WN 2165 / WN 2610,WN,economy,2,cash,fli,,472.0,472.0,USD,,472.0,True,,medium,/Users/dengcy/Library/Mobile Documents/com~apple~CloudDocs/Agent/Flight_search/cash/data/raw/dtw_sjc_2026-11-30_economy_fli_raw.json,100.0,43.75,0.0,0.0,615.75,,29,False,,525,8h 45m,USD 472.00,
DTW,SJC,2026-11-30,one-way,,,,complete,fli,"{'outbound': {'direction': 'outbound', 'origin': 'DTW', 'destination': 'SJC', 'date': '2026-11-30', 'depart_time': '10:40', 'arrive_time': '17:40', 'flight_numbers': 'WN 1076 / WN 1461 / WN 374', 'carriers': 'WN', 'stops': 2, 'duration_minutes': 600, 'duration_display': '10h'}, 'return': {'direction': 'return', 'origin': '', 'destination': '', 'date': '', 'depart_time': '', 'arrive_time': '', 'flight_numbers': '', 'carriers': '', 'stops': '', 'duration_minutes': '', 'duration_display': ''}}",DTW,SJC,2026-11-30,10:40,17:40,WN 1076 / WN 1461 / WN 374,WN,2,600,10h,,,,,,,,10:40,17:40,WN 1076 / WN 1461 / WN 374,WN,economy,2,cash,fli,,472.0,472.0,USD,,472.0,True,,medium,/Users/dengcy/Library/Mobile Documents/com~apple~CloudDocs/Agent/Flight_search/cash/data/raw/dtw_sjc_2026-11-30_economy_fli_raw.json,100.0,50.0,0.0,0.0,622.0,,31,False,,600,10h,USD 472.00,
DTW,SJC,2026-11-30,one-way,,,,complete,fli,"{'outbound': {'direction': 'outbound', 'origin': 'DTW', 'destination': 'SJC', 'date': '2026-11-30', 'depart_time': '15:45', 'arrive_time': '23:20', 'flight_numbers': 'WN 1124 / WN 1119', 'carriers': 'WN', 'stops': 1, 'duration_minutes': 635, 'duration_display': '10h 35m'}, 'return': {'direction': 'return', 'origin': '', 'destination': '', 'date': '', 'depart_time': '', 'arrive_time': '', 'flight_numbers': '', 'carriers': '', 'stops': '', 'duration_minutes': '', 'duration_display': ''}}",DTW,SJC,2026-11-30,15:45,23:20,WN 1124 / WN 1119,WN,1,635,10h 35m,,,,,,,,15:45,23:20,WN 1124 / WN 1119,WN,economy,1,cash,fli,,472.0,472.0,USD,,472.0,True,,medium,/Users/dengcy/Library/Mobile Documents/com~apple~CloudDocs/Agent/Flight_search/cash/data/raw/dtw_sjc_2026-11-30_economy_fli_raw.json,50.0,52.92,50.0,0.0,624.92,late arrival,34,False,,635,10h 35m,USD 472.00,
DTW,SJC,2026-11-30,one-way,,,,complete,fli,"{'outbound': {'direction': 'outbound', 'origin': 'DTW', 'destination': 'SJC', 'date': '2026-11-30', 'depart_time': '08:25', 'arrive_time': '18:25', 'flight_numbers': 'WN 1877 / WN 2986 / WN 3930', 'carriers': 'WN', 'stops': 2, 'duration_minutes': 780, 'duration_display': '13h'}, 'return': {'direction': 'return', 'origin': '', 'destination': '', 'date': '', 'depart_time': '', 'arrive_time': '', 'flight_numbers': '', 'carriers': '', 'stops': '', 'duration_minutes': '', 'duration_display': ''}}",DTW,SJC,2026-11-30,08:25,18:25,WN 1877 / WN 2986 / WN 3930,WN,2,780,13h,,,,,,,,08:25,18:25,WN 1877 / WN 2986 / WN 3930,WN,economy,2,cash,fli,,463.0,463.0,USD,,463.0,True,,medium,/Users/dengcy/Library/Mobile Documents/com~apple~CloudDocs/Agent/Flight_search/cash/data/raw/dtw_sjc_2026-11-30_economy_fli_raw.json,100.0,65.0,0.0,0.0,628.0,,25,False,,780,13h,USD 463.00,
DTW,SJC,2026-11-30,one-way,,,,complete,fli,"{'outbound': {'direction': 'outbound', 'origin': 'DTW', 'destination': 'SJC', 'date': '2026-11-30', 'depart_time': '10:40', 'arrive_time': '19:35', 'flight_numbers': 'WN 1076 / WN 4641 / WN 932', 'carriers': 'WN', 'stops': 2, 'duration_minutes': 715, 'duration_display': '11h 55m'}, 'return': {'direction': 'return', 'origin': '', 'destination': '', 'date': '', 'depart_time': '', 'arrive_time': '', 'flight_numbers': '', 'carriers': '', 'stops': '', 'duration_minutes': '', 'duration_display': ''}}",DTW,SJC,2026-11-30,10:40,19:35,WN 1076 / WN 4641 / WN 932,WN,2,715,11h 55m,,,,,,,,10:40,19:35,WN 1076 / WN 4641 / WN 932,WN,economy,2,cash,fli,,472.0,472.0,USD,,472.0,True,,medium,/Users/dengcy/Library/Mobile Documents/com~apple~CloudDocs/Agent/Flight_search/cash/data/raw/dtw_sjc_2026-11-30_economy_fli_raw.json,100.0,59.58,0.0,0.0,631.58,,32,False,,715,11h 55m,USD 472.00,
DTW,SJC,2026-11-30,one-way,,,,complete,fli,"{'outbound': {'direction': 'outbound', 'origin': 'DTW', 'destination': 'SJC', 'date': '2026-11-30', 'depart_time': '08:25', 'arrive_time': '17:40', 'flight_numbers': 'WN 1877 / WN 2905 / WN 374', 'carriers': 'WN', 'stops': 2, 'duration_minutes': 735, 'duration_display': '12h 15m'}, 'return': {'direction': 'return', 'origin': '', 'destination': '', 'date': '', 'depart_time': '', 'arrive_time': '', 'flight_numbers': '', 'carriers': '', 'stops': '', 'duration_minutes': '', 'duration_display': ''}}",DTW,SJC,2026-11-30,08:25,17:40,WN 1877 / WN 2905 / WN 374,WN,2,735,12h 15m,,,,,,,,08:25,17:40,WN 1877 / WN 2905 / WN 374,WN,economy,2,cash,fli,,472.0,472.0,USD,,472.0,True,,medium,/Users/dengcy/Library/Mobile Documents/com~apple~CloudDocs/Agent/Flight_search/cash/data/raw/dtw_sjc_2026-11-30_economy_fli_raw.json,100.0,61.25,0.0,0.0,633.25,,30,False,,735,12h 15m,USD 472.00,
DTW,SJC,2026-11-30,one-way,,,,complete,fli,"{'outbound': {'direction': 'outbound', 'origin': 'DTW', 'destination': 'SJC', 'date': '2026-11-30', 'depart_time': '12:50', 'arrive_time': '22:10', 'flight_numbers': 'WN 971 / WN 197 / WN 4691', 'carriers': 'WN', 'stops': 2, 'duration_minutes': 740, 'duration_display': '12h 20m'}, 'return': {'direction': 'return', 'origin': '', 'destination': '', 'date': '', 'depart_time': '', 'arrive_time': '', 'flight_numbers': '', 'carriers': '', 'stops': '', 'duration_minutes': '', 'duration_display': ''}}",DTW,SJC,2026-11-30,12:50,22:10,WN 971 / WN 197 / WN 4691,WN,2,740,12h 20m,,,,,,,,12:50,22:10,WN 971 / WN 197 / WN 4691,WN,economy,2,cash,fli,,472.0,472.0,USD,,472.0,True,,medium,/Users/dengcy/Library/Mobile Documents/com~apple~CloudDocs/Agent/Flight_search/cash/data/raw/dtw_sjc_2026-11-30_economy_fli_raw.json,100.0,61.67,0.0,0.0,633.67,,33,False,,740,12h 20m,USD 472.00,
DTW,SJC,2026-11-30,one-way,,,,complete,fli,"{'outbound': {'direction': 'outbound', 'origin': 'DTW', 'destination': 'SJC', 'date': '2026-11-30', 'depart_time': '16:20', 'arrive_time': '20:58', 'flight_numbers': 'DL 2203 / DL 2087', 'carriers': 'DL', 'stops': 1, 'duration_minutes': 458, 'duration_display': '7h 38m'}, 'return': {'direction': 'return', 'origin': '', 'destination': '', 'date': '', 'depart_time': '', 'arrive_time': '', 'flight_numbers': '', 'carriers': '', 'stops': '', 'duration_minutes': '', 'duration_display': ''}}",DTW,SJC,2026-11-30,16:20,20:58,DL 2203 / DL 2087,DL,1,458,7h 38m,,,,,,,,16:20,20:58,DL 2203 / DL 2087,DL,economy,1,cash,fli,,550.0,550.0,USD,,550.0,True,,medium,/Users/dengcy/Library/Mobile Documents/com~apple~CloudDocs/Agent/Flight_search/cash/data/raw/dtw_sjc_2026-11-30_economy_fli_raw.json,50.0,38.17,0.0,0.0,638.17,,45,False,,458,7h 38m,USD 550.00,
DTW,SJC,2026-11-30,one-way,,,,complete,fli,"{'outbound': {'direction': 'outbound', 'origin': 'DTW', 'destination': 'SJC', 'date': '2026-11-30', 'depart_time': '06:05', 'arrive_time': '14:05', 'flight_numbers': 'WN 1874 / WN 2599 / WN 1348', 'carriers': 'WN', 'stops': 2, 'duration_minutes': 660, 'duration_display': '11h'}, 'return': {'direction': 'return', 'origin': '', 'destination': '', 'date': '', 'depart_time': '', 'arrive_time': '', 'flight_numbers': '', 'carriers': '', 'stops': '', 'duration_minutes': '', 'duration_display': ''}}",DTW,SJC,2026-11-30,06:05,14:05,WN 1874 / WN 2599 / WN 1348,WN,2,660,11h,,,,,,,,06:05,14:05,WN 1874 / WN 2599 / WN 1348,WN,economy,2,cash,fli,,439.0,439.0,USD,,439.0,True,,medium,/Users/dengcy/Library/Mobile Documents/com~apple~CloudDocs/Agent/Flight_search/cash/data/raw/dtw_sjc_2026-11-30_economy_fli_raw.json,100.0,55.0,50.0,0.0,644.0,early departure,12,False,,660,11h,USD 439.00,
DTW,SJC,2026-11-30,one-way,,,,complete,fli,"{'outbound': {'direction': 'outbound', 'origin': 'DTW', 'destination': 'SJC', 'date': '2026-11-30', 'depart_time': '15:50', 'arrive_time': '21:47', 'flight_numbers': 'DL 883 / DL 2318', 'carriers': 'DL', 'stops': 1, 'duration_minutes': 537, 'duration_display': '8h 57m'}, 'return': {'direction': 'return', 'origin': '', 'destination': '', 'date': '', 'depart_time': '', 'arrive_time': '', 'flight_numbers': '', 'carriers': '', 'stops': '', 'duration_minutes': '', 'duration_display': ''}}",DTW,SJC,2026-11-30,15:50,21:47,DL 883 / DL 2318,DL,1,537,8h 57m,,,,,,,,15:50,21:47,DL 883 / DL 2318,DL,economy,1,cash,fli,,550.0,550.0,USD,,550.0,True,,medium,/Users/dengcy/Library/Mobile Documents/com~apple~CloudDocs/Agent/Flight_search/cash/data/raw/dtw_sjc_2026-11-30_economy_fli_raw.json,50.0,44.75,0.0,0.0,644.75,,43,False,,537,8h 57m,USD 550.00,
DTW,SJC,2026-11-30,one-way,,,,complete,fli,"{'outbound': {'direction': 'outbound', 'origin': 'DTW', 'destination': 'SJC', 'date': '2026-11-30', 'depart_time': '12:15', 'arrive_time': '18:52', 'flight_numbers': 'DL 2188 / DL 2136', 'carriers': 'DL', 'stops': 1, 'duration_minutes': 577, 'duration_display': '9h 37m'}, 'return': {'direction': 'return', 'origin': '', 'destination': '', 'date': '', 'depart_time': '', 'arrive_time': '', 'flight_numbers': '', 'carriers': '', 'stops': '', 'duration_minutes': '', 'duration_display': ''}}",DTW,SJC,2026-11-30,12:15,18:52,DL 2188 / DL 2136,DL,1,577,9h 37m,,,,,,,,12:15,18:52,DL 2188 / DL 2136,DL,economy,1,cash,fli,,550.0,550.0,USD,,550.0,True,,medium,/Users/dengcy/Library/Mobile Documents/com~apple~CloudDocs/Agent/Flight_search/cash/data/raw/dtw_sjc_2026-11-30_economy_fli_raw.json,50.0,48.08,0.0,0.0,648.08,,42,False,,577,9h 37m,USD 550.00,
DTW,SJC,2026-11-30,one-way,,,,complete,fli,"{'outbound': {'direction': 'outbound', 'origin': 'DTW', 'destination': 'SJC', 'date': '2026-11-30', 'depart_time': '15:55', 'arrive_time': '22:58', 'flight_numbers': 'DL 1467 / DL 933', 'carriers': 'DL', 'stops': 1, 'duration_minutes': 603, 'duration_display': '10h 3m'}, 'return': {'direction': 'return', 'origin': '', 'destination': '', 'date': '', 'depart_time': '', 'arrive_time': '', 'flight_numbers': '', 'carriers': '', 'stops': '', 'duration_minutes': '', 'duration_display': ''}}",DTW,SJC,2026-11-30,15:55,22:58,DL 1467 / DL 933,DL,1,603,10h 3m,,,,,,,,15:55,22:58,DL 1467 / DL 933,DL,economy,1,cash,fli,,550.0,550.0,USD,,550.0,True,,medium,/Users/dengcy/Library/Mobile Documents/com~apple~CloudDocs/Agent/Flight_search/cash/data/raw/dtw_sjc_2026-11-30_economy_fli_raw.json,50.0,50.25,0.0,0.0,650.25,,44,False,,603,10h 3m,USD 550.00,
DTW,SJC,2026-11-30,one-way,,,,complete,fli,"{'outbound': {'direction': 'outbound', 'origin': 'DTW', 'destination': 'SJC', 'date': '2026-11-30', 'depart_time': '05:35', 'arrive_time': '17:40', 'flight_numbers': 'WN 4679 / WN 499 / WN 374', 'carriers': 'WN', 'stops': 2, 'duration_minutes': 905, 'duration_display': '15h 5m'}, 'return': {'direction': 'return', 'origin': '', 'destination': '', 'date': '', 'depart_time': '', 'arrive_time': '', 'flight_numbers': '', 'carriers': '', 'stops': '', 'duration_minutes': '', 'duration_display': ''}}",DTW,SJC,2026-11-30,05:35,17:40,WN 4679 / WN 499 / WN 374,WN,2,905,15h 5m,,,,,,,,05:35,17:40,WN 4679 / WN 499 / WN 374,WN,economy,2,cash,fli,,378.0,378.0,USD,,378.0,True,,medium,/Users/dengcy/Library/Mobile Documents/com~apple~CloudDocs/Agent/Flight_search/cash/data/raw/dtw_sjc_2026-11-30_economy_fli_raw.json,100.0,75.42,100.0,0.0,653.42,very early departure,7,False,,905,15h 5m,USD 378.00,
DTW,SJC,2026-11-30,one-way,,,,complete,fli,"{'outbound': {'direction': 'outbound', 'origin': 'DTW', 'destination': 'SJC', 'date': '2026-11-30', 'depart_time': '06:45', 'arrive_time': '13:45', 'flight_numbers': 'WN 1880 / WN 4141 / WN 1796', 'carriers': 'WN', 'stops': 2, 'duration_minutes': 600, 'duration_display': '10h'}, 'return': {'direction': 'return', 'origin': '', 'destination': '', 'date': '', 'depart_time': '', 'arrive_time': '', 'flight_numbers': '', 'carriers': '', 'stops': '', 'duration_minutes': '', 'duration_display': ''}}",DTW,SJC,2026-11-30,06:45,13:45,WN 1880 / WN 4141 / WN 1796,WN,2,600,10h,,,,,,,,06:45,13:45,WN 1880 / WN 4141 / WN 1796,WN,economy,2,cash,fli,,457.0,457.0,USD,,457.0,True,,medium,/Users/dengcy/Library/Mobile Documents/com~apple~CloudDocs/Agent/Flight_search/cash/data/raw/dtw_sjc_2026-11-30_economy_fli_raw.json,100.0,50.0,50.0,0.0,657.0,early departure,22,False,,600,10h,USD 457.00,
DTW,SJC,2026-11-30,one-way,,,,complete,fli,"{'outbound': {'direction': 'outbound', 'origin': 'DTW', 'destination': 'SJC', 'date': '2026-11-30', 'depart_time': '15:45', 'arrive_time': '23:55', 'flight_numbers': 'WN 1124 / WN 3535 / WN 2448', 'carriers': 'WN', 'stops': 2, 'duration_minutes': 670, 'duration_display': '11h 10m'}, 'return': {'direction': 'return', 'origin': '', 'destination': '', 'date': '', 'depart_time': '', 'arrive_time': '', 'flight_numbers': '', 'carriers': '', 'stops': '', 'duration_minutes': '', 'duration_display': ''}}",DTW,SJC,2026-11-30,15:45,23:55,WN 1124 / WN 3535 / WN 2448,WN,2,670,11h 10m,,,,,,,,15:45,23:55,WN 1124 / WN 3535 / WN 2448,WN,economy,2,cash,fli,,457.0,457.0,USD,,457.0,True,,medium,/Users/dengcy/Library/Mobile Documents/com~apple~CloudDocs/Agent/Flight_search/cash/data/raw/dtw_sjc_2026-11-30_economy_fli_raw.json,100.0,55.83,50.0,0.0,662.83,late arrival,23,False,,670,11h 10m,USD 457.00,
DTW,SJC,2026-11-30,one-way,,,,complete,fli,"{'outbound': {'direction': 'outbound', 'origin': 'DTW', 'destination': 'SJC', 'date': '2026-11-30', 'depart_time': '12:50', 'arrive_time': '22:35', 'flight_numbers': 'WN 971 / WN 459 / WN 430', 'carriers': 'WN', 'stops': 2, 'duration_minutes': 765, 'duration_display': '12h 45m'}, 'return': {'direction': 'return', 'origin': '', 'destination': '', 'date': '', 'depart_time': '', 'arrive_time': '', 'flight_numbers': '', 'carriers': '', 'stops': '', 'duration_minutes': '', 'duration_display': ''}}",DTW,SJC,2026-11-30,12:50,22:35,WN 971 / WN 459 / WN 430,WN,2,765,12h 45m,,,,,,,,12:50,22:35,WN 971 / WN 459 / WN 430,WN,economy,2,cash,fli,,524.0,524.0,USD,,524.0,True,,medium,/Users/dengcy/Library/Mobile Documents/com~apple~CloudDocs/Agent/Flight_search/cash/data/raw/dtw_sjc_2026-11-30_economy_fli_raw.json,100.0,63.75,0.0,0.0,687.75,,38,False,,765,12h 45m,USD 524.00,
DTW,SJC,2026-11-30,one-way,,,,complete,fli,"{'outbound': {'direction': 'outbound', 'origin': 'DTW', 'destination': 'SJC', 'date': '2026-11-30', 'depart_time': '12:50', 'arrive_time': '22:45', 'flight_numbers': 'WN 971 / WN 2525 / WN 1488', 'carriers': 'WN', 'stops': 2, 'duration_minutes': 775, 'duration_display': '12h 55m'}, 'return': {'direction': 'return', 'origin': '', 'destination': '', 'date': '', 'depart_time': '', 'arrive_time': '', 'flight_numbers': '', 'carriers': '', 'stops': '', 'duration_minutes': '', 'duration_display': ''}}",DTW,SJC,2026-11-30,12:50,22:45,WN 971 / WN 2525 / WN 1488,WN,2,775,12h 55m,,,,,,,,12:50,22:45,WN 971 / WN 2525 / WN 1488,WN,economy,2,cash,fli,,524.0,524.0,USD,,524.0,True,,medium,/Users/dengcy/Library/Mobile Documents/com~apple~CloudDocs/Agent/Flight_search/cash/data/raw/dtw_sjc_2026-11-30_economy_fli_raw.json,100.0,64.58,0.0,0.0,688.58,,40,False,,775,12h 55m,USD 524.00,
DTW,SJC,2026-11-30,one-way,,,,complete,fli,"{'outbound': {'direction': 'outbound', 'origin': 'DTW', 'destination': 'SJC', 'date': '2026-11-30', 'depart_time': '06:05', 'arrive_time': '21:30', 'flight_numbers': 'WN 1874 / WN 4427 / WN 778', 'carriers': 'WN', 'stops': 2, 'duration_minutes': 1105, 'duration_display': '18h 25m'}, 'return': {'direction': 'return', 'origin': '', 'destination': '', 'date': '', 'depart_time': '', 'arrive_time': '', 'flight_numbers': '', 'carriers': '', 'stops': '', 'duration_minutes': '', 'duration_display': ''}}",DTW,SJC,2026-11-30,06:05,21:30,WN 1874 / WN 4427 / WN 778,WN,2,1105,18h 25m,,,,,,,,06:05,21:30,WN 1874 / WN 4427 / WN 778,WN,economy,2,cash,fli,,450.0,450.0,USD,,450.0,True,,medium,/Users/dengcy/Library/Mobile Documents/com~apple~CloudDocs/Agent/Flight_search/cash/data/raw/dtw_sjc_2026-11-30_economy_fli_raw.json,100.0,92.08,50.0,0.0,692.08,early departure,20,False,,1105,18h 25m,USD 450.00,
DTW,SJC,2026-11-30,one-way,,,,complete,fli,"{'outbound': {'direction': 'outbound', 'origin': 'DTW', 'destination': 'SJC', 'date': '2026-11-30', 'depart_time': '16:46', 'arrive_time': '22:12', 'flight_numbers': 'AS 327 / AS 1310', 'carriers': 'AS', 'stops': 1, 'duration_minutes': 506, 'duration_display': '8h 26m'}, 'return': {'direction': 'return', 'origin': '', 'destination': '', 'date': '', 'depart_time': '', 'arrive_time': '', 'flight_numbers': '', 'carriers': '', 'stops': '', 'duration_minutes': '', 'duration_display': ''}}",DTW,SJC,2026-11-30,16:46,22:12,AS 327 / AS 1310,AS,1,506,8h 26m,,,,,,,,16:46,22:12,AS 327 / AS 1310,AS,economy,1,cash,fli,,601.0,601.0,USD,,601.0,True,,medium,/Users/dengcy/Library/Mobile Documents/com~apple~CloudDocs/Agent/Flight_search/cash/data/raw/dtw_sjc_2026-11-30_economy_fli_raw.json,50.0,42.17,0.0,0.0,693.17,,48,False,,506,8h 26m,USD 601.00,
DTW,SJC,2026-11-30,one-way,,,,complete,fli,"{'outbound': {'direction': 'outbound', 'origin': 'DTW', 'destination': 'SJC', 'date': '2026-11-30', 'depart_time': '17:45', 'arrive_time': '23:54', 'flight_numbers': 'DL 765 / DL 1272', 'carriers': 'DL', 'stops': 1, 'duration_minutes': 549, 'duration_display': '9h 9m'}, 'return': {'direction': 'return', 'origin': '', 'destination': '', 'date': '', 'depart_time': '', 'arrive_time': '', 'flight_numbers': '', 'carriers': '', 'stops': '', 'duration_minutes': '', 'duration_display': ''}}",DTW,SJC,2026-11-30,17:45,23:54,DL 765 / DL 1272,DL,1,549,9h 9m,,,,,,,,17:45,23:54,DL 765 / DL 1272,DL,economy,1,cash,fli,,550.0,550.0,USD,,550.0,True,,medium,/Users/dengcy/Library/Mobile Documents/com~apple~CloudDocs/Agent/Flight_search/cash/data/raw/dtw_sjc_2026-11-30_economy_fli_raw.json,50.0,45.75,50.0,0.0,695.75,late arrival,46,False,,549,9h 9m,USD 550.00,
DTW,SJC,2026-11-30,one-way,,,,complete,fli,"{'outbound': {'direction': 'outbound', 'origin': 'DTW', 'destination': 'SJC', 'date': '2026-11-30', 'depart_time': '07:00', 'arrive_time': '14:30', 'flight_numbers': 'AS 313 / AS 1366', 'carriers': 'AS', 'stops': 1, 'duration_minutes': 630, 'duration_display': '10h 30m'}, 'return': {'direction': 'return', 'origin': '', 'destination': '', 'date': '', 'depart_time': '', 'arrive_time': '', 'flight_numbers': '', 'carriers': '', 'stops': '', 'duration_minutes': '', 'duration_display': ''}}",DTW,SJC,2026-11-30,07:00,14:30,AS 313 / AS 1366,AS,1,630,10h 30m,,,,,,,,07:00,14:30,AS 313 / AS 1366,AS,economy,1,cash,fli,,601.0,601.0,USD,,601.0,True,,medium,/Users/dengcy/Library/Mobile Documents/com~apple~CloudDocs/Agent/Flight_search/cash/data/raw/dtw_sjc_2026-11-30_economy_fli_raw.json,50.0,52.5,0.0,0.0,703.5,,47,False,,630,10h 30m,USD 601.00,
DTW,SJC,2026-11-30,one-way,,,,complete,fli,"{'outbound': {'direction': 'outbound', 'origin': 'DTW', 'destination': 'SJC', 'date': '2026-11-30', 'depart_time': '08:25', 'arrive_time': '23:55', 'flight_numbers': 'WN 1877 / WN 3564 / WN 2448', 'carriers': 'WN', 'stops': 2, 'duration_minutes': 1110, 'duration_display': '18h 30m'}, 'return': {'direction': 'return', 'origin': '', 'destination': '', 'date': '', 'depart_time': '', 'arrive_time': '', 'flight_numbers': '', 'carriers': '', 'stops': '', 'duration_minutes': '', 'duration_display': ''}}",DTW,SJC,2026-11-30,08:25,23:55,WN 1877 / WN 3564 / WN 2448,WN,2,1110,18h 30m,,,,,,,,08:25,23:55,WN 1877 / WN 3564 / WN 2448,WN,economy,2,cash,fli,,468.0,468.0,USD,,468.0,True,,medium,/Users/dengcy/Library/Mobile Documents/com~apple~CloudDocs/Agent/Flight_search/cash/data/raw/dtw_sjc_2026-11-30_economy_fli_raw.json,100.0,92.5,50.0,0.0,710.5,late arrival,27,False,,1110,18h 30m,USD 468.00,
DTW,SJC,2026-11-30,one-way,,,,complete,fli,"{'outbound': {'direction': 'outbound', 'origin': 'DTW', 'destination': 'SJC', 'date': '2026-11-30', 'depart_time': '05:35', 'arrive_time': '14:30', 'flight_numbers': 'WN 4679 / WN 499 / WN 930', 'carriers': 'WN', 'stops': 2, 'duration_minutes': 715, 'duration_display': '11h 55m'}, 'return': {'direction': 'return', 'origin': '', 'destination': '', 'date': '', 'depart_time': '', 'arrive_time': '', 'flight_numbers': '', 'carriers': '', 'stops': '', 'duration_minutes': '', 'duration_display': ''}}",DTW,SJC,2026-11-30,05:35,14:30,WN 4679 / WN 499 / WN 930,WN,2,715,11h 55m,,,,,,,,05:35,14:30,WN 4679 / WN 499 / WN 930,WN,economy,2,cash,fli,,457.0,457.0,USD,,457.0,True,,medium,/Users/dengcy/Library/Mobile Documents/com~apple~CloudDocs/Agent/Flight_search/cash/data/raw/dtw_sjc_2026-11-30_economy_fli_raw.json,100.0,59.58,100.0,0.0,716.58,very early departure,21,False,,715,11h 55m,USD 457.00,
DTW,SJC,2026-11-30,one-way,,,,complete,fli,"{'outbound': {'direction': 'outbound', 'origin': 'DTW', 'destination': 'SJC', 'date': '2026-11-30', 'depart_time': '05:10', 'arrive_time': '13:25', 'flight_numbers': 'WN 1872 / WN 1223', 'carriers': 'WN', 'stops': 1, 'duration_minutes': 675, 'duration_display': '11h 15m'}, 'return': {'direction': 'return', 'origin': '', 'destination': '', 'date': '', 'depart_time': '', 'arrive_time': '', 'flight_numbers': '', 'carriers': '', 'stops': '', 'duration_minutes': '', 'duration_display': ''}}",DTW,SJC,2026-11-30,05:10,13:25,WN 1872 / WN 1223,WN,1,675,11h 15m,,,,,,,,05:10,13:25,WN 1872 / WN 1223,WN,economy,1,cash,fli,,519.0,519.0,USD,,519.0,True,,medium,/Users/dengcy/Library/Mobile Documents/com~apple~CloudDocs/Agent/Flight_search/cash/data/raw/dtw_sjc_2026-11-30_economy_fli_raw.json,50.0,56.25,100.0,0.0,725.25,very early departure,36,False,,675,11h 15m,USD 519.00,
DTW,SJC,2026-11-30,one-way,,,,complete,fli,"{'outbound': {'direction': 'outbound', 'origin': 'DTW', 'destination': 'SJC', 'date': '2026-11-30', 'depart_time': '05:35', 'arrive_time': '13:45', 'flight_numbers': 'WN 4679 / WN 550 / WN 1796', 'carriers': 'WN', 'stops': 2, 'duration_minutes': 670, 'duration_display': '11h 10m'}, 'return': {'direction': 'return', 'origin': '', 'destination': '', 'date': '', 'depart_time': '', 'arrive_time': '', 'flight_numbers': '', 'carriers': '', 'stops': '', 'duration_minutes': '', 'duration_display': ''}}",DTW,SJC,2026-11-30,05:35,13:45,WN 4679 / WN 550 / WN 1796,WN,2,670,11h 10m,,,,,,,,05:35,13:45,WN 4679 / WN 550 / WN 1796,WN,economy,2,cash,fli,,472.0,472.0,USD,,472.0,True,,medium,/Users/dengcy/Library/Mobile Documents/com~apple~CloudDocs/Agent/Flight_search/cash/data/raw/dtw_sjc_2026-11-30_economy_fli_raw.json,100.0,55.83,100.0,0.0,727.83,very early departure,28,False,,670,11h 10m,USD 472.00,
DTW,SJC,2026-11-30,one-way,,,,complete,fli,"{'outbound': {'direction': 'outbound', 'origin': 'DTW', 'destination': 'SJC', 'date': '2026-11-30', 'depart_time': '12:50', 'arrive_time': '23:10', 'flight_numbers': 'WN 971 / WN 4360 / WN 3507', 'carriers': 'WN', 'stops': 2, 'duration_minutes': 800, 'duration_display': '13h 20m'}, 'return': {'direction': 'return', 'origin': '', 'destination': '', 'date': '', 'depart_time': '', 'arrive_time': '', 'flight_numbers': '', 'carriers': '', 'stops': '', 'duration_minutes': '', 'duration_display': ''}}",DTW,SJC,2026-11-30,12:50,23:10,WN 971 / WN 4360 / WN 3507,WN,2,800,13h 20m,,,,,,,,12:50,23:10,WN 971 / WN 4360 / WN 3507,WN,economy,2,cash,fli,,524.0,524.0,USD,,524.0,True,,medium,/Users/dengcy/Library/Mobile Documents/com~apple~CloudDocs/Agent/Flight_search/cash/data/raw/dtw_sjc_2026-11-30_economy_fli_raw.json,100.0,66.67,50.0,0.0,740.67,late arrival,41,False,,800,13h 20m,USD 524.00,
DTW,SJC,2026-11-30,one-way,,,,complete,fli,"{'outbound': {'direction': 'outbound', 'origin': 'DTW', 'destination': 'SJC', 'date': '2026-11-30', 'depart_time': '12:25', 'arrive_time': '16:16', 'flight_numbers': 'DL 935 / DL 1260', 'carriers': 'DL', 'stops': 1, 'duration_minutes': 411, 'duration_display': '6h 51m'}, 'return': {'direction': 'return', 'origin': '', 'destination': '', 'date': '', 'depart_time': '', 'arrive_time': '', 'flight_numbers': '', 'carriers': '', 'stops': '', 'duration_minutes': '', 'duration_display': ''}}",DTW,SJC,2026-11-30,12:25,16:16,DL 935 / DL 1260,DL,1,411,6h 51m,,,,,,,,12:25,16:16,DL 935 / DL 1260,DL,economy,1,cash,fli,,668.0,668.0,USD,,668.0,True,,medium,/Users/dengcy/Library/Mobile Documents/com~apple~CloudDocs/Agent/Flight_search/cash/data/raw/dtw_sjc_2026-11-30_economy_fli_raw.json,50.0,34.25,0.0,0.0,752.25,,60,False,,411,6h 51m,USD 668.00,
DTW,SJC,2026-11-30,one-way,,,,complete,fli,"{'outbound': {'direction': 'outbound', 'origin': 'DTW', 'destination': 'SJC', 'date': '2026-11-30', 'depart_time': '08:00', 'arrive_time': '12:28', 'flight_numbers': 'DL 698 / DL 1254', 'carriers': 'DL', 'stops': 1, 'duration_minutes': 448, 'duration_display': '7h 28m'}, 'return': {'direction': 'return', 'origin': '', 'destination': '', 'date': '', 'depart_time': '', 'arrive_time': '', 'flight_numbers': '', 'carriers': '', 'stops': '', 'duration_minutes': '', 'duration_display': ''}}",DTW,SJC,2026-11-30,08:00,12:28,DL 698 / DL 1254,DL,1,448,7h 28m,,,,,,,,08:00,12:28,DL 698 / DL 1254,DL,economy,1,cash,fli,,668.0,668.0,USD,,668.0,True,,medium,/Users/dengcy/Library/Mobile Documents/com~apple~CloudDocs/Agent/Flight_search/cash/data/raw/dtw_sjc_2026-11-30_economy_fli_raw.json,50.0,37.33,0.0,0.0,755.33,,58,False,,448,7h 28m,USD 668.00,
DTW,SJC,2026-11-30,one-way,,,,complete,fli,"{'outbound': {'direction': 'outbound', 'origin': 'DTW', 'destination': 'SJC', 'date': '2026-11-30', 'depart_time': '13:45', 'arrive_time': '18:52', 'flight_numbers': 'DL 1983 / DL 2136', 'carriers': 'DL', 'stops': 1, 'duration_minutes': 487, 'duration_display': '8h 7m'}, 'return': {'direction': 'return', 'origin': '', 'destination': '', 'date': '', 'depart_time': '', 'arrive_time': '', 'flight_numbers': '', 'carriers': '', 'stops': '', 'duration_minutes': '', 'duration_display': ''}}",DTW,SJC,2026-11-30,13:45,18:52,DL 1983 / DL 2136,DL,1,487,8h 7m,,,,,,,,13:45,18:52,DL 1983 / DL 2136,DL,economy,1,cash,fli,,668.0,668.0,USD,,668.0,True,,medium,/Users/dengcy/Library/Mobile Documents/com~apple~CloudDocs/Agent/Flight_search/cash/data/raw/dtw_sjc_2026-11-30_economy_fli_raw.json,50.0,40.58,0.0,0.0,758.58,,62,False,,487,8h 7m,USD 668.00,
DTW,SJC,2026-11-30,one-way,,,,complete,fli,"{'outbound': {'direction': 'outbound', 'origin': 'DTW', 'destination': 'SJC', 'date': '2026-11-30', 'depart_time': '07:00', 'arrive_time': '12:21', 'flight_numbers': 'DL 1746 / DL 2383', 'carriers': 'DL', 'stops': 1, 'duration_minutes': 501, 'duration_display': '8h 21m'}, 'return': {'direction': 'return', 'origin': '', 'destination': '', 'date': '', 'depart_time': '', 'arrive_time': '', 'flight_numbers': '', 'carriers': '', 'stops': '', 'duration_minutes': '', 'duration_display': ''}}",DTW,SJC,2026-11-30,07:00,12:21,DL 1746 / DL 2383,DL,1,501,8h 21m,,,,,,,,07:00,12:21,DL 1746 / DL 2383,DL,economy,1,cash,fli,,668.0,668.0,USD,,668.0,True,,medium,/Users/dengcy/Library/Mobile Documents/com~apple~CloudDocs/Agent/Flight_search/cash/data/raw/dtw_sjc_2026-11-30_economy_fli_raw.json,50.0,41.75,0.0,0.0,759.75,,57,False,,501,8h 21m,USD 668.00,
DTW,SJC,2026-11-30,one-way,,,,complete,fli,"{'outbound': {'direction': 'outbound', 'origin': 'DTW', 'destination': 'SJC', 'date': '2026-11-30', 'depart_time': '16:35', 'arrive_time': '22:11', 'flight_numbers': 'DL 944 / DL 3956', 'carriers': 'DL', 'stops': 1, 'duration_minutes': 516, 'duration_display': '8h 36m'}, 'return': {'direction': 'return', 'origin': '', 'destination': '', 'date': '', 'depart_time': '', 'arrive_time': '', 'flight_numbers': '', 'carriers': '', 'stops': '', 'duration_minutes': '', 'duration_display': ''}}",DTW,SJC,2026-11-30,16:35,22:11,DL 944 / DL 3956,DL,1,516,8h 36m,,,,,,,,16:35,22:11,DL 944 / DL 3956,DL,economy,1,cash,fli,,668.0,668.0,USD,,668.0,True,,medium,/Users/dengcy/Library/Mobile Documents/com~apple~CloudDocs/Agent/Flight_search/cash/data/raw/dtw_sjc_2026-11-30_economy_fli_raw.json,50.0,43.0,0.0,0.0,761.0,,63,False,,516,8h 36m,USD 668.00,
DTW,SJC,2026-11-30,one-way,,,,complete,fli,"{'outbound': {'direction': 'outbound', 'origin': 'DTW', 'destination': 'SJC', 'date': '2026-11-30', 'depart_time': '12:25', 'arrive_time': '18:20', 'flight_numbers': 'DL 935 / DL 3937', 'carriers': 'DL', 'stops': 1, 'duration_minutes': 535, 'duration_display': '8h 55m'}, 'return': {'direction': 'return', 'origin': '', 'destination': '', 'date': '', 'depart_time': '', 'arrive_time': '', 'flight_numbers': '', 'carriers': '', 'stops': '', 'duration_minutes': '', 'duration_display': ''}}",DTW,SJC,2026-11-30,12:25,18:20,DL 935 / DL 3937,DL,1,535,8h 55m,,,,,,,,12:25,18:20,DL 935 / DL 3937,DL,economy,1,cash,fli,,668.0,668.0,USD,,668.0,True,,medium,/Users/dengcy/Library/Mobile Documents/com~apple~CloudDocs/Agent/Flight_search/cash/data/raw/dtw_sjc_2026-11-30_economy_fli_raw.json,50.0,44.58,0.0,0.0,762.58,,61,False,,535,8h 55m,USD 668.00,
DTW,SJC,2026-11-30,one-way,,,,complete,fli,"{'outbound': {'direction': 'outbound', 'origin': 'DTW', 'destination': 'SJC', 'date': '2026-11-30', 'depart_time': '12:15', 'arrive_time': '18:58', 'flight_numbers': 'DL 728 / DL 4132', 'carriers': 'DL', 'stops': 1, 'duration_minutes': 583, 'duration_display': '9h 43m'}, 'return': {'direction': 'return', 'origin': '', 'destination': '', 'date': '', 'depart_time': '', 'arrive_time': '', 'flight_numbers': '', 'carriers': '', 'stops': '', 'duration_minutes': '', 'duration_display': ''}}",DTW,SJC,2026-11-30,12:15,18:58,DL 728 / DL 4132,DL,1,583,9h 43m,,,,,,,,12:15,18:58,DL 728 / DL 4132,DL,economy,1,cash,fli,,668.0,668.0,USD,,668.0,True,,medium,/Users/dengcy/Library/Mobile Documents/com~apple~CloudDocs/Agent/Flight_search/cash/data/raw/dtw_sjc_2026-11-30_economy_fli_raw.json,50.0,48.58,0.0,0.0,766.58,,59,False,,583,9h 43m,USD 668.00,
DTW,SJC,2026-11-30,one-way,,,,complete,fli,"{'outbound': {'direction': 'outbound', 'origin': 'DTW', 'destination': 'SJC', 'date': '2026-11-30', 'depart_time': '06:30', 'arrive_time': '11:56', 'flight_numbers': 'DL 1611 / DL 809', 'carriers': 'DL', 'stops': 1, 'duration_minutes': 506, 'duration_display': '8h 26m'}, 'return': {'direction': 'return', 'origin': '', 'destination': '', 'date': '', 'depart_time': '', 'arrive_time': '', 'flight_numbers': '', 'carriers': '', 'stops': '', 'duration_minutes': '', 'duration_display': ''}}",DTW,SJC,2026-11-30,06:30,11:56,DL 1611 / DL 809,DL,1,506,8h 26m,,,,,,,,06:30,11:56,DL 1611 / DL 809,DL,economy,1,cash,fli,,668.0,668.0,USD,,668.0,True,,medium,/Users/dengcy/Library/Mobile Documents/com~apple~CloudDocs/Agent/Flight_search/cash/data/raw/dtw_sjc_2026-11-30_economy_fli_raw.json,50.0,42.17,50.0,0.0,810.17,early departure,56,False,,506,8h 26m,USD 668.00,
DTW,SJC,2026-11-30,one-way,,,,complete,fli,"{'outbound': {'direction': 'outbound', 'origin': 'DTW', 'destination': 'SJC', 'date': '2026-11-30', 'depart_time': '17:50', 'arrive_time': '22:16', 'flight_numbers': 'AA 1673 / AA 2439', 'carriers': 'AA', 'stops': 1, 'duration_minutes': 446, 'duration_display': '7h 26m'}, 'return': {'direction': 'return', 'origin': '', 'destination': '', 'date': '', 'depart_time': '', 'arrive_time': '', 'flight_numbers': '', 'carriers': '', 'stops': '', 'duration_minutes': '', 'duration_display': ''}}",DTW,SJC,2026-11-30,17:50,22:16,AA 1673 / AA 2439,AA,1,446,7h 26m,,,,,,,,17:50,22:16,AA 1673 / AA 2439,AA,economy,1,cash,fli,,730.0,730.0,USD,,730.0,True,,medium,/Users/dengcy/Library/Mobile Documents/com~apple~CloudDocs/Agent/Flight_search/cash/data/raw/dtw_sjc_2026-11-30_economy_fli_raw.json,50.0,37.17,0.0,0.0,817.17,,71,False,,446,7h 26m,USD 730.00,
DTW,SJC,2026-11-30,one-way,,,,complete,fli,"{'outbound': {'direction': 'outbound', 'origin': 'DTW', 'destination': 'SJC', 'date': '2026-11-30', 'depart_time': '07:24', 'arrive_time': '12:16', 'flight_numbers': 'AA 1310 / AA 3851', 'carriers': 'AA', 'stops': 1, 'duration_minutes': 472, 'duration_display': '7h 52m'}, 'return': {'direction': 'return', 'origin': '', 'destination': '', 'date': '', 'depart_time': '', 'arrive_time': '', 'flight_numbers': '', 'carriers': '', 'stops': '', 'duration_minutes': '', 'duration_display': ''}}",DTW,SJC,2026-11-30,07:24,12:16,AA 1310 / AA 3851,AA,1,472,7h 52m,,,,,,,,07:24,12:16,AA 1310 / AA 3851,AA,economy,1,cash,fli,,730.0,730.0,USD,,730.0,True,,medium,/Users/dengcy/Library/Mobile Documents/com~apple~CloudDocs/Agent/Flight_search/cash/data/raw/dtw_sjc_2026-11-30_economy_fli_raw.json,50.0,39.33,0.0,0.0,819.33,,69,False,,472,7h 52m,USD 730.00,
DTW,SJC,2026-11-30,one-way,,,,complete,fli,"{'outbound': {'direction': 'outbound', 'origin': 'DTW', 'destination': 'SJC', 'date': '2026-11-30', 'depart_time': '15:50', 'arrive_time': '20:49', 'flight_numbers': 'AA 3310 / AA 1059', 'carriers': 'AA', 'stops': 1, 'duration_minutes': 479, 'duration_display': '7h 59m'}, 'return': {'direction': 'return', 'origin': '', 'destination': '', 'date': '', 'depart_time': '', 'arrive_time': '', 'flight_numbers': '', 'carriers': '', 'stops': '', 'duration_minutes': '', 'duration_display': ''}}",DTW,SJC,2026-11-30,15:50,20:49,AA 3310 / AA 1059,AA,1,479,7h 59m,,,,,,,,15:50,20:49,AA 3310 / AA 1059,AA,economy,1,cash,fli,,730.0,730.0,USD,,730.0,True,,medium,/Users/dengcy/Library/Mobile Documents/com~apple~CloudDocs/Agent/Flight_search/cash/data/raw/dtw_sjc_2026-11-30_economy_fli_raw.json,50.0,39.92,0.0,0.0,819.92,,70,False,,479,7h 59m,USD 730.00,
DTW,SJC,2026-11-30,one-way,,,,complete,fli,"{'outbound': {'direction': 'outbound', 'origin': 'DTW', 'destination': 'SJC', 'date': '2026-11-30', 'depart_time': '07:23', 'arrive_time': '13:17', 'flight_numbers': 'AA 1569 / AA 2834', 'carriers': 'AA', 'stops': 1, 'duration_minutes': 534, 'duration_display': '8h 54m'}, 'return': {'direction': 'return', 'origin': '', 'destination': '', 'date': '', 'depart_time': '', 'arrive_time': '', 'flight_numbers': '', 'carriers': '', 'stops': '', 'duration_minutes': '', 'duration_display': ''}}",DTW,SJC,2026-11-30,07:23,13:17,AA 1569 / AA 2834,AA,1,534,8h 54m,,,,,,,,07:23,13:17,AA 1569 / AA 2834,AA,economy,1,cash,fli,,730.0,730.0,USD,,730.0,True,,medium,/Users/dengcy/Library/Mobile Documents/com~apple~CloudDocs/Agent/Flight_search/cash/data/raw/dtw_sjc_2026-11-30_economy_fli_raw.json,50.0,44.5,0.0,0.0,824.5,,68,False,,534,8h 54m,USD 730.00,
DTW,SJC,2026-11-30,one-way,,,,complete,fli,"{'outbound': {'direction': 'outbound', 'origin': 'DTW', 'destination': 'SJC', 'date': '2026-11-30', 'depart_time': '07:00', 'arrive_time': '17:56', 'flight_numbers': 'AS 313 / AS 470', 'carriers': 'AS', 'stops': 1, 'duration_minutes': 836, 'duration_display': '13h 56m'}, 'return': {'direction': 'return', 'origin': '', 'destination': '', 'date': '', 'depart_time': '', 'arrive_time': '', 'flight_numbers': '', 'carriers': '', 'stops': '', 'duration_minutes': '', 'duration_display': ''}}",DTW,SJC,2026-11-30,07:00,17:56,AS 313 / AS 470,AS,1,836,13h 56m,,,,,,,,07:00,17:56,AS 313 / AS 470,AS,economy,1,cash,fli,,727.0,727.0,USD,,727.0,True,,medium,/Users/dengcy/Library/Mobile Documents/com~apple~CloudDocs/Agent/Flight_search/cash/data/raw/dtw_sjc_2026-11-30_economy_fli_raw.json,50.0,69.67,0.0,0.0,846.67,,65,False,,836,13h 56m,USD 727.00,
DTW,SJC,2026-11-30,one-way,,,,complete,fli,"{'outbound': {'direction': 'outbound', 'origin': 'DTW', 'destination': 'SJC', 'date': '2026-11-30', 'depart_time': '07:00', 'arrive_time': '22:12', 'flight_numbers': 'AS 313 / AS 1310', 'carriers': 'AS', 'stops': 1, 'duration_minutes': 1092, 'duration_display': '18h 12m'}, 'return': {'direction': 'return', 'origin': '', 'destination': '', 'date': '', 'depart_time': '', 'arrive_time': '', 'flight_numbers': '', 'carriers': '', 'stops': '', 'duration_minutes': '', 'duration_display': ''}}",DTW,SJC,2026-11-30,07:00,22:12,AS 313 / AS 1310,AS,1,1092,18h 12m,,,,,,,,07:00,22:12,AS 313 / AS 1310,AS,economy,1,cash,fli,,727.0,727.0,USD,,727.0,True,,medium,/Users/dengcy/Library/Mobile Documents/com~apple~CloudDocs/Agent/Flight_search/cash/data/raw/dtw_sjc_2026-11-30_economy_fli_raw.json,50.0,91.0,0.0,0.0,868.0,,66,False,,1092,18h 12m,USD 727.00,
DTW,SJC,2026-11-30,one-way,,,,complete,fli,"{'outbound': {'direction': 'outbound', 'origin': 'DTW', 'destination': 'SJC', 'date': '2026-11-30', 'depart_time': '19:35', 'arrive_time': '10:16 +1', 'flight_numbers': 'AA 1860 / AA 2046', 'carriers': 'AA', 'stops': 1, 'duration_minutes': 1061, 'duration_display': '17h 41m'}, 'return': {'direction': 'return', 'origin': '', 'destination': '', 'date': '', 'depart_time': '', 'arrive_time': '', 'flight_numbers': '', 'carriers': '', 'stops': '', 'duration_minutes': '', 'duration_display': ''}}",DTW,SJC,2026-11-30,19:35,10:16 +1,AA 1860 / AA 2046,AA,1,1061,17h 41m,,,,,,,,19:35,10:16 +1,AA 1860 / AA 2046,AA,economy,1,cash,fli,,659.0,659.0,USD,,659.0,True,,medium,/Users/dengcy/Library/Mobile Documents/com~apple~CloudDocs/Agent/Flight_search/cash/data/raw/dtw_sjc_2026-11-30_economy_fli_raw.json,50.0,88.42,0.0,75.0,872.42,next_day_arrival,54,False,,1061,17h 41m,USD 659.00,
DTW,SJC,2026-11-30,one-way,,,,complete,fli,"{'outbound': {'direction': 'outbound', 'origin': 'DTW', 'destination': 'SJC', 'date': '2026-11-30', 'depart_time': '16:46', 'arrive_time': '12:11 +1', 'flight_numbers': 'AS 327 / AS 520', 'carriers': 'AS', 'stops': 1, 'duration_minutes': 1345, 'duration_display': '22h 25m'}, 'return': {'direction': 'return', 'origin': '', 'destination': '', 'date': '', 'depart_time': '', 'arrive_time': '', 'flight_numbers': '', 'carriers': '', 'stops': '', 'duration_minutes': '', 'duration_display': ''}}",DTW,SJC,2026-11-30,16:46,12:11 +1,AS 327 / AS 520,AS,1,1345,22h 25m,,,,,,,,16:46,12:11 +1,AS 327 / AS 520,AS,economy,1,cash,fli,,643.0,643.0,USD,,643.0,True,,medium,/Users/dengcy/Library/Mobile Documents/com~apple~CloudDocs/Agent/Flight_search/cash/data/raw/dtw_sjc_2026-11-30_economy_fli_raw.json,50.0,112.08,0.0,75.0,880.08,next_day_arrival,49,False,,1345,22h 25m,USD 643.00,
DTW,SJC,2026-11-30,one-way,,,,complete,fli,"{'outbound': {'direction': 'outbound', 'origin': 'DTW', 'destination': 'SJC', 'date': '2026-11-30', 'depart_time': '15:50', 'arrive_time': '10:16 +1', 'flight_numbers': 'AA 3310 / AA 2046', 'carriers': 'AA', 'stops': 1, 'duration_minutes': 1286, 'duration_display': '21h 26m'}, 'return': {'direction': 'return', 'origin': '', 'destination': '', 'date': '', 'depart_time': '', 'arrive_time': '', 'flight_numbers': '', 'carriers': '', 'stops': '', 'duration_minutes': '', 'duration_display': ''}}",DTW,SJC,2026-11-30,15:50,10:16 +1,AA 3310 / AA 2046,AA,1,1286,21h 26m,,,,,,,,15:50,10:16 +1,AA 3310 / AA 2046,AA,economy,1,cash,fli,,659.0,659.0,USD,,659.0,True,,medium,/Users/dengcy/Library/Mobile Documents/com~apple~CloudDocs/Agent/Flight_search/cash/data/raw/dtw_sjc_2026-11-30_economy_fli_raw.json,50.0,107.17,0.0,75.0,891.17,next_day_arrival,53,False,,1286,21h 26m,USD 659.00,
DTW,SJC,2026-11-30,one-way,,,,complete,fli,"{'outbound': {'direction': 'outbound', 'origin': 'DTW', 'destination': 'SJC', 'date': '2026-11-30', 'depart_time': '16:46', 'arrive_time': '14:30 +1', 'flight_numbers': 'AS 327 / AS 1366', 'carriers': 'AS', 'stops': 1, 'duration_minutes': 1484, 'duration_display': '24h 44m'}, 'return': {'direction': 'return', 'origin': '', 'destination': '', 'date': '', 'depart_time': '', 'arrive_time': '', 'flight_numbers': '', 'carriers': '', 'stops': '', 'duration_minutes': '', 'duration_display': ''}}",DTW,SJC,2026-11-30,16:46,14:30 +1,AS 327 / AS 1366,AS,1,1484,24h 44m,,,,,,,,16:46,14:30 +1,AS 327 / AS 1366,AS,economy,1,cash,fli,,643.0,643.0,USD,,643.0,True,,medium,/Users/dengcy/Library/Mobile Documents/com~apple~CloudDocs/Agent/Flight_search/cash/data/raw/dtw_sjc_2026-11-30_economy_fli_raw.json,50.0,123.67,0.0,75.0,891.67,next_day_arrival,50,False,,1484,24h 44m,USD 643.00,
DTW,SJC,2026-11-30,one-way,,,,complete,fli,"{'outbound': {'direction': 'outbound', 'origin': 'DTW', 'destination': 'SJC', 'date': '2026-11-30', 'depart_time': '20:43', 'arrive_time': '09:27 +1', 'flight_numbers': 'AA 4774 / AA 3157 / AA 4969', 'carriers': 'AA', 'stops': 2, 'duration_minutes': 944, 'duration_display': '15h 44m'}, 'return': {'direction': 'return', 'origin': '', 'destination': '', 'date': '', 'depart_time': '', 'arrive_time': '', 'flight_numbers': '', 'carriers': '', 'stops': '', 'duration_minutes': '', 'duration_display': ''}}",DTW,SJC,2026-11-30,20:43,09:27 +1,AA 4774 / AA 3157 / AA 4969,AA,2,944,15h 44m,,,,,,,,20:43,09:27 +1,AA 4774 / AA 3157 / AA 4969,AA,economy,2,cash,fli,,649.0,649.0,USD,,649.0,True,,medium,/Users/dengcy/Library/Mobile Documents/com~apple~CloudDocs/Agent/Flight_search/cash/data/raw/dtw_sjc_2026-11-30_economy_fli_raw.json,100.0,78.67,0.0,75.0,902.67,next_day_arrival,51,False,,944,15h 44m,USD 649.00,
DTW,SJC,2026-11-30,one-way,,,,complete,fli,"{'outbound': {'direction': 'outbound', 'origin': 'DTW', 'destination': 'SJC', 'date': '2026-11-30', 'depart_time': '11:48', 'arrive_time': '10:16 +1', 'flight_numbers': 'AA 2374 / AA 2046', 'carriers': 'AA', 'stops': 1, 'duration_minutes': 1528, 'duration_display': '25h 28m'}, 'return': {'direction': 'return', 'origin': '', 'destination': '', 'date': '', 'depart_time': '', 'arrive_time': '', 'flight_numbers': '', 'carriers': '', 'stops': '', 'duration_minutes': '', 'duration_display': ''}}",DTW,SJC,2026-11-30,11:48,10:16 +1,AA 2374 / AA 2046,AA,1,1528,25h 28m,,,,,,,,11:48,10:16 +1,AA 2374 / AA 2046,AA,economy,1,cash,fli,,659.0,659.0,USD,,659.0,True,,medium,/Users/dengcy/Library/Mobile Documents/com~apple~CloudDocs/Agent/Flight_search/cash/data/raw/dtw_sjc_2026-11-30_economy_fli_raw.json,50.0,127.33,0.0,75.0,911.33,next_day_arrival,52,False,,1528,25h 28m,USD 659.00,
DTW,SJC,2026-11-30,one-way,,,,complete,fli,"{'outbound': {'direction': 'outbound', 'origin': 'DTW', 'destination': 'SJC', 'date': '2026-11-30', 'depart_time': '05:11', 'arrive_time': '10:16', 'flight_numbers': 'AA 1108 / AA 2046', 'carriers': 'AA', 'stops': 1, 'duration_minutes': 485, 'duration_display': '8h 5m'}, 'return': {'direction': 'return', 'origin': '', 'destination': '', 'date': '', 'depart_time': '', 'arrive_time': '', 'flight_numbers': '', 'carriers': '', 'stops': '', 'duration_minutes': '', 'duration_display': ''}}",DTW,SJC,2026-11-30,05:11,10:16,AA 1108 / AA 2046,AA,1,485,8h 5m,,,,,,,,05:11,10:16,AA 1108 / AA 2046,AA,economy,1,cash,fli,,730.0,730.0,USD,,730.0,True,,medium,/Users/dengcy/Library/Mobile Documents/com~apple~CloudDocs/Agent/Flight_search/cash/data/raw/dtw_sjc_2026-11-30_economy_fli_raw.json,50.0,40.42,100.0,0.0,920.42,very early departure,67,False,,485,8h 5m,USD 730.00,
DTW,SJC,2026-11-30,one-way,,,,complete,fli,"{'outbound': {'direction': 'outbound', 'origin': 'DTW', 'destination': 'SJC', 'date': '2026-11-30', 'depart_time': '21:12', 'arrive_time': '13:26 +1', 'flight_numbers': 'UA 3556 / UA 1342 / UA 1256', 'carriers': 'UA', 'stops': 2, 'duration_minutes': 1154, 'duration_display': '19h 14m'}, 'return': {'direction': 'return', 'origin': '', 'destination': '', 'date': '', 'depart_time': '', 'arrive_time': '', 'flight_numbers': '', 'carriers': '', 'stops': '', 'duration_minutes': '', 'duration_display': ''}}",DTW,SJC,2026-11-30,21:12,13:26 +1,UA 3556 / UA 1342 / UA 1256,UA,2,1154,19h 14m,,,,,,,,21:12,13:26 +1,UA 3556 / UA 1342 / UA 1256,UA,economy,2,cash,fli,,661.0,661.0,USD,,661.0,True,,medium,/Users/dengcy/Library/Mobile Documents/com~apple~CloudDocs/Agent/Flight_search/cash/data/raw/dtw_sjc_2026-11-30_economy_fli_raw.json,100.0,96.17,0.0,75.0,932.17,next_day_arrival,55,False,,1154,19h 14m,USD 661.00,
DTW,SJC,2026-11-30,one-way,,,,complete,fli,"{'outbound': {'direction': 'outbound', 'origin': 'DTW', 'destination': 'SJC', 'date': '2026-11-30', 'depart_time': '18:00', 'arrive_time': '22:36', 'flight_numbers': 'UA 630 / UA 481', 'carriers': 'UA', 'stops': 1, 'duration_minutes': 456, 'duration_display': '7h 36m'}, 'return': {'direction': 'return', 'origin': '', 'destination': '', 'date': '', 'depart_time': '', 'arrive_time': '', 'flight_numbers': '', 'carriers': '', 'stops': '', 'duration_minutes': '', 'duration_display': ''}}",DTW,SJC,2026-11-30,18:00,22:36,UA 630 / UA 481,UA,1,456,7h 36m,,,,,,,,18:00,22:36,UA 630 / UA 481,UA,economy,1,cash,fli,,865.0,865.0,USD,,865.0,True,,medium,/Users/dengcy/Library/Mobile Documents/com~apple~CloudDocs/Agent/Flight_search/cash/data/raw/dtw_sjc_2026-11-30_economy_fli_raw.json,50.0,38.0,0.0,0.0,953.0,,81,False,,456,7h 36m,USD 865.00,
DTW,SJC,2026-11-30,one-way,,,,complete,fli,"{'outbound': {'direction': 'outbound', 'origin': 'DTW', 'destination': 'SJC', 'date': '2026-11-30', 'depart_time': '07:00', 'arrive_time': '19:54', 'flight_numbers': 'AS 313 / AS 1441', 'carriers': 'AS', 'stops': 1, 'duration_minutes': 954, 'duration_display': '15h 54m'}, 'return': {'direction': 'return', 'origin': '', 'destination': '', 'date': '', 'depart_time': '', 'arrive_time': '', 'flight_numbers': '', 'carriers': '', 'stops': '', 'duration_minutes': '', 'duration_display': ''}}",DTW,SJC,2026-11-30,07:00,19:54,AS 313 / AS 1441,AS,1,954,15h 54m,,,,,,,,07:00,19:54,AS 313 / AS 1441,AS,economy,1,cash,fli,,837.0,837.0,USD,,837.0,True,,medium,/Users/dengcy/Library/Mobile Documents/com~apple~CloudDocs/Agent/Flight_search/cash/data/raw/dtw_sjc_2026-11-30_economy_fli_raw.json,50.0,79.5,0.0,0.0,966.5,,79,False,,954,15h 54m,USD 837.00,
DTW,SJC,2026-11-30,one-way,,,,complete,fli,"{'outbound': {'direction': 'outbound', 'origin': 'DTW', 'destination': 'SJC', 'date': '2026-11-30', 'depart_time': '19:30', 'arrive_time': '09:27 +1', 'flight_numbers': 'AA 6246 / AA 3157 / AA 4969', 'carriers': 'AA', 'stops': 2, 'duration_minutes': 1017, 'duration_display': '16h 57m'}, 'return': {'direction': 'return', 'origin': '', 'destination': '', 'date': '', 'depart_time': '', 'arrive_time': '', 'flight_numbers': '', 'carriers': '', 'stops': '', 'duration_minutes': '', 'duration_display': ''}}",DTW,SJC,2026-11-30,19:30,09:27 +1,AA 6246 / AA 3157 / AA 4969,AA,2,1017,16h 57m,,,,,,,,19:30,09:27 +1,AA 6246 / AA 3157 / AA 4969,AA,economy,2,cash,fli,,711.0,711.0,USD,,711.0,True,,medium,/Users/dengcy/Library/Mobile Documents/com~apple~CloudDocs/Agent/Flight_search/cash/data/raw/dtw_sjc_2026-11-30_economy_fli_raw.json,100.0,84.75,0.0,75.0,970.75,next_day_arrival,64,False,,1017,16h 57m,USD 711.00,
DTW,SJC,2026-11-30,one-way,,,,complete,fli,"{'outbound': {'direction': 'outbound', 'origin': 'DTW', 'destination': 'SJC', 'date': '2026-11-30', 'depart_time': '20:43', 'arrive_time': '12:16 +1', 'flight_numbers': 'AA 4774 / AA 3172 / AA 3851', 'carriers': 'AA', 'stops': 2, 'duration_minutes': 1113, 'duration_display': '18h 33m'}, 'return': {'direction': 'return', 'origin': '', 'destination': '', 'date': '', 'depart_time': '', 'arrive_time': '', 'flight_numbers': '', 'carriers': '', 'stops': '', 'duration_minutes': '', 'duration_display': ''}}",DTW,SJC,2026-11-30,20:43,12:16 +1,AA 4774 / AA 3172 / AA 3851,AA,2,1113,18h 33m,,,,,,,,20:43,12:16 +1,AA 4774 / AA 3172 / AA 3851,AA,economy,2,cash,fli,,740.0,740.0,USD,,740.0,True,,medium,/Users/dengcy/Library/Mobile Documents/com~apple~CloudDocs/Agent/Flight_search/cash/data/raw/dtw_sjc_2026-11-30_economy_fli_raw.json,100.0,92.75,0.0,75.0,1007.75,next_day_arrival,72,False,,1113,18h 33m,USD 740.00,
DTW,SJC,2026-11-30,one-way,,,,complete,fli,"{'outbound': {'direction': 'outbound', 'origin': 'DTW', 'destination': 'SJC', 'date': '2026-11-30', 'depart_time': '16:15', 'arrive_time': '22:36', 'flight_numbers': 'UA 4673 / UA 481', 'carriers': 'UA', 'stops': 1, 'duration_minutes': 561, 'duration_display': '9h 21m'}, 'return': {'direction': 'return', 'origin': '', 'destination': '', 'date': '', 'depart_time': '', 'arrive_time': '', 'flight_numbers': '', 'carriers': '', 'stops': '', 'duration_minutes': '', 'duration_display': ''}}",DTW,SJC,2026-11-30,16:15,22:36,UA 4673 / UA 481,UA,1,561,9h 21m,,,,,,,,16:15,22:36,UA 4673 / UA 481,UA,economy,1,cash,fli,,912.0,912.0,USD,,912.0,True,,medium,/Users/dengcy/Library/Mobile Documents/com~apple~CloudDocs/Agent/Flight_search/cash/data/raw/dtw_sjc_2026-11-30_economy_fli_raw.json,50.0,46.75,0.0,0.0,1008.75,,88,False,,561,9h 21m,USD 912.00,
DTW,SJC,2026-11-30,one-way,,,,complete,fli,"{'outbound': {'direction': 'outbound', 'origin': 'DTW', 'destination': 'SJC', 'date': '2026-11-30', 'depart_time': '16:55', 'arrive_time': '21:11', 'flight_numbers': 'UA 302 / UA 2745', 'carriers': 'UA', 'stops': 1, 'duration_minutes': 436, 'duration_display': '7h 16m'}, 'return': {'direction': 'return', 'origin': '', 'destination': '', 'date': '', 'depart_time': '', 'arrive_time': '', 'flight_numbers': '', 'carriers': '', 'stops': '', 'duration_minutes': '', 'duration_display': ''}}",DTW,SJC,2026-11-30,16:55,21:11,UA 302 / UA 2745,UA,1,436,7h 16m,,,,,,,,16:55,21:11,UA 302 / UA 2745,UA,economy,1,cash,fli,,929.0,929.0,USD,,929.0,True,,medium,/Users/dengcy/Library/Mobile Documents/com~apple~CloudDocs/Agent/Flight_search/cash/data/raw/dtw_sjc_2026-11-30_economy_fli_raw.json,50.0,36.33,0.0,0.0,1015.33,,91,False,,436,7h 16m,USD 929.00,
DTW,SJC,2026-11-30,one-way,,,,complete,fli,"{'outbound': {'direction': 'outbound', 'origin': 'DTW', 'destination': 'SJC', 'date': '2026-11-30', 'depart_time': '14:15', 'arrive_time': '22:36', 'flight_numbers': 'UA 5381 / UA 481', 'carriers': 'UA', 'stops': 1, 'duration_minutes': 681, 'duration_display': '11h 21m'}, 'return': {'direction': 'return', 'origin': '', 'destination': '', 'date': '', 'depart_time': '', 'arrive_time': '', 'flight_numbers': '', 'carriers': '', 'stops': '', 'duration_minutes': '', 'duration_display': ''}}",DTW,SJC,2026-11-30,14:15,22:36,UA 5381 / UA 481,UA,1,681,11h 21m,,,,,,,,14:15,22:36,UA 5381 / UA 481,UA,economy,1,cash,fli,,917.0,917.0,USD,,917.0,True,,medium,/Users/dengcy/Library/Mobile Documents/com~apple~CloudDocs/Agent/Flight_search/cash/data/raw/dtw_sjc_2026-11-30_economy_fli_raw.json,50.0,56.75,0.0,0.0,1023.75,,90,False,,681,11h 21m,USD 917.00,
DTW,SJC,2026-11-30,one-way,,,,complete,fli,"{'outbound': {'direction': 'outbound', 'origin': 'DTW', 'destination': 'SJC', 'date': '2026-11-30', 'depart_time': '19:35', 'arrive_time': '13:17 +1', 'flight_numbers': 'AA 1860 / AA 2834', 'carriers': 'AA', 'stops': 1, 'duration_minutes': 1242, 'duration_display': '20h 42m'}, 'return': {'direction': 'return', 'origin': '', 'destination': '', 'date': '', 'depart_time': '', 'arrive_time': '', 'flight_numbers': '', 'carriers': '', 'stops': '', 'duration_minutes': '', 'duration_display': ''}}",DTW,SJC,2026-11-30,19:35,13:17 +1,AA 1860 / AA 2834,AA,1,1242,20h 42m,,,,,,,,19:35,13:17 +1,AA 1860 / AA 2834,AA,economy,1,cash,fli,,806.0,806.0,USD,,806.0,True,,medium,/Users/dengcy/Library/Mobile Documents/com~apple~CloudDocs/Agent/Flight_search/cash/data/raw/dtw_sjc_2026-11-30_economy_fli_raw.json,50.0,103.5,0.0,75.0,1034.5,next_day_arrival,76,False,,1242,20h 42m,USD 806.00,
DTW,SJC,2026-11-30,one-way,,,,complete,fli,"{'outbound': {'direction': 'outbound', 'origin': 'DTW', 'destination': 'SJC', 'date': '2026-11-30', 'depart_time': '17:50', 'arrive_time': '09:27 +1', 'flight_numbers': 'AA 1673 / AA 4969', 'carriers': 'AA', 'stops': 1, 'duration_minutes': 1117, 'duration_display': '18h 37m'}, 'return': {'direction': 'return', 'origin': '', 'destination': '', 'date': '', 'depart_time': '', 'arrive_time': '', 'flight_numbers': '', 'carriers': '', 'stops': '', 'duration_minutes': '', 'duration_display': ''}}",DTW,SJC,2026-11-30,17:50,09:27 +1,AA 1673 / AA 4969,AA,1,1117,18h 37m,,,,,,,,17:50,09:27 +1,AA 1673 / AA 4969,AA,economy,1,cash,fli,,824.0,824.0,USD,,824.0,True,,medium,/Users/dengcy/Library/Mobile Documents/com~apple~CloudDocs/Agent/Flight_search/cash/data/raw/dtw_sjc_2026-11-30_economy_fli_raw.json,50.0,93.08,0.0,75.0,1042.08,next_day_arrival,77,False,,1117,18h 37m,USD 824.00,
DTW,SJC,2026-11-30,one-way,,,,complete,fli,"{'outbound': {'direction': 'outbound', 'origin': 'DTW', 'destination': 'SJC', 'date': '2026-11-30', 'depart_time': '20:43', 'arrive_time': '10:16 +1', 'flight_numbers': 'AA 4774 / AA 2896 / AA 2046', 'carriers': 'AA', 'stops': 2, 'duration_minutes': 993, 'duration_display': '16h 33m'}, 'return': {'direction': 'return', 'origin': '', 'destination': '', 'date': '', 'depart_time': '', 'arrive_time': '', 'flight_numbers': '', 'carriers': '', 'stops': '', 'duration_minutes': '', 'duration_display': ''}}",DTW,SJC,2026-11-30,20:43,10:16 +1,AA 4774 / AA 2896 / AA 2046,AA,2,993,16h 33m,,,,,,,,20:43,10:16 +1,AA 4774 / AA 2896 / AA 2046,AA,economy,2,cash,fli,,795.0,795.0,USD,,795.0,True,,medium,/Users/dengcy/Library/Mobile Documents/com~apple~CloudDocs/Agent/Flight_search/cash/data/raw/dtw_sjc_2026-11-30_economy_fli_raw.json,100.0,82.75,0.0,75.0,1052.75,next_day_arrival,74,False,,993,16h 33m,USD 795.00,
DTW,SJC,2026-11-30,one-way,,,,complete,fli,"{'outbound': {'direction': 'outbound', 'origin': 'DTW', 'destination': 'SJC', 'date': '2026-11-30', 'depart_time': '15:50', 'arrive_time': '13:17 +1', 'flight_numbers': 'AA 3310 / AA 2834', 'carriers': 'AA', 'stops': 1, 'duration_minutes': 1467, 'duration_display': '24h 27m'}, 'return': {'direction': 'return', 'origin': '', 'destination': '', 'date': '', 'depart_time': '', 'arrive_time': '', 'flight_numbers': '', 'carriers': '', 'stops': '', 'duration_minutes': '', 'duration_display': ''}}",DTW,SJC,2026-11-30,15:50,13:17 +1,AA 3310 / AA 2834,AA,1,1467,24h 27m,,,,,,,,15:50,13:17 +1,AA 3310 / AA 2834,AA,economy,1,cash,fli,,806.0,806.0,USD,,806.0,True,,medium,/Users/dengcy/Library/Mobile Documents/com~apple~CloudDocs/Agent/Flight_search/cash/data/raw/dtw_sjc_2026-11-30_economy_fli_raw.json,50.0,122.25,0.0,75.0,1053.25,next_day_arrival,75,False,,1467,24h 27m,USD 806.00,
DTW,SJC,2026-11-30,one-way,,,,complete,fli,"{'outbound': {'direction': 'outbound', 'origin': 'DTW', 'destination': 'SJC', 'date': '2026-11-30', 'depart_time': '05:20', 'arrive_time': '11:56', 'flight_numbers': 'DL 2375 / DL 809', 'carriers': 'DL', 'stops': 1, 'duration_minutes': 576, 'duration_display': '9h 36m'}, 'return': {'direction': 'return', 'origin': '', 'destination': '', 'date': '', 'depart_time': '', 'arrive_time': '', 'flight_numbers': '', 'carriers': '', 'stops': '', 'duration_minutes': '', 'duration_display': ''}}",DTW,SJC,2026-11-30,05:20,11:56,DL 2375 / DL 809,DL,1,576,9h 36m,,,,,,,,05:20,11:56,DL 2375 / DL 809,DL,economy,1,cash,fli,,880.0,880.0,USD,,880.0,True,,medium,/Users/dengcy/Library/Mobile Documents/com~apple~CloudDocs/Agent/Flight_search/cash/data/raw/dtw_sjc_2026-11-30_economy_fli_raw.json,50.0,48.0,100.0,0.0,1078.0,very early departure,85,False,,576,9h 36m,USD 880.00,
DTW,SJC,2026-11-30,one-way,,,,complete,fli,"{'outbound': {'direction': 'outbound', 'origin': 'DTW', 'destination': 'SJC', 'date': '2026-11-30', 'depart_time': '17:50', 'arrive_time': '12:16 +1', 'flight_numbers': 'AA 1673 / AA 3851', 'carriers': 'AA', 'stops': 1, 'duration_minutes': 1286, 'duration_display': '21h 26m'}, 'return': {'direction': 'return', 'origin': '', 'destination': '', 'date': '', 'depart_time': '', 'arrive_time': '', 'flight_numbers': '', 'carriers': '', 'stops': '', 'duration_minutes': '', 'duration_display': ''}}",DTW,SJC,2026-11-30,17:50,12:16 +1,AA 1673 / AA 3851,AA,1,1286,21h 26m,,,,,,,,17:50,12:16 +1,AA 1673 / AA 3851,AA,economy,1,cash,fli,,865.0,865.0,USD,,865.0,True,,medium,/Users/dengcy/Library/Mobile Documents/com~apple~CloudDocs/Agent/Flight_search/cash/data/raw/dtw_sjc_2026-11-30_economy_fli_raw.json,50.0,107.17,0.0,75.0,1097.17,next_day_arrival,82,False,,1286,21h 26m,USD 865.00,
DTW,SJC,2026-11-30,one-way,,,,complete,fli,"{'outbound': {'direction': 'outbound', 'origin': 'DTW', 'destination': 'SJC', 'date': '2026-11-30', 'depart_time': '21:12', 'arrive_time': '13:26 +1', 'flight_numbers': 'UA 3556 / UA 2806 / UA 1256', 'carriers': 'UA', 'stops': 2, 'duration_minutes': 1154, 'duration_display': '19h 14m'}, 'return': {'direction': 'return', 'origin': '', 'destination': '', 'date': '', 'depart_time': '', 'arrive_time': '', 'flight_numbers': '', 'carriers': '', 'stops': '', 'duration_minutes': '', 'duration_display': ''}}",DTW,SJC,2026-11-30,21:12,13:26 +1,UA 3556 / UA 2806 / UA 1256,UA,2,1154,19h 14m,,,,,,,,21:12,13:26 +1,UA 3556 / UA 2806 / UA 1256,UA,economy,2,cash,fli,,835.0,835.0,USD,,835.0,True,,medium,/Users/dengcy/Library/Mobile Documents/com~apple~CloudDocs/Agent/Flight_search/cash/data/raw/dtw_sjc_2026-11-30_economy_fli_raw.json,100.0,96.17,0.0,75.0,1106.17,next_day_arrival,78,False,,1154,19h 14m,USD 835.00,
DTW,SJC,2026-11-30,one-way,,,,complete,fli,"{'outbound': {'direction': 'outbound', 'origin': 'DTW', 'destination': 'SJC', 'date': '2026-11-30', 'depart_time': '05:45', 'arrive_time': '22:36', 'flight_numbers': 'UA 4754 / UA 481', 'carriers': 'UA', 'stops': 1, 'duration_minutes': 1191, 'duration_display': '19h 51m'}, 'return': {'direction': 'return', 'origin': '', 'destination': '', 'date': '', 'depart_time': '', 'arrive_time': '', 'flight_numbers': '', 'carriers': '', 'stops': '', 'duration_minutes': '', 'duration_display': ''}}",DTW,SJC,2026-11-30,05:45,22:36,UA 4754 / UA 481,UA,1,1191,19h 51m,,,,,,,,05:45,22:36,UA 4754 / UA 481,UA,economy,1,cash,fli,,870.0,870.0,USD,,870.0,True,,medium,/Users/dengcy/Library/Mobile Documents/com~apple~CloudDocs/Agent/Flight_search/cash/data/raw/dtw_sjc_2026-11-30_economy_fli_raw.json,50.0,99.25,100.0,0.0,1119.25,very early departure,83,False,,1191,19h 51m,USD 870.00,
DTW,SJC,2026-11-30,one-way,,,,complete,fli,"{'outbound': {'direction': 'outbound', 'origin': 'DTW', 'destination': 'SJC', 'date': '2026-11-30', 'depart_time': '16:55', 'arrive_time': '13:26 +1', 'flight_numbers': 'UA 302 / UA 1256', 'carriers': 'UA', 'stops': 1, 'duration_minutes': 1411, 'duration_display': '23h 31m'}, 'return': {'direction': 'return', 'origin': '', 'destination': '', 'date': '', 'depart_time': '', 'arrive_time': '', 'flight_numbers': '', 'carriers': '', 'stops': '', 'duration_minutes': '', 'duration_display': ''}}",DTW,SJC,2026-11-30,16:55,13:26 +1,UA 302 / UA 1256,UA,1,1411,23h 31m,,,,,,,,16:55,13:26 +1,UA 302 / UA 1256,UA,economy,1,cash,fli,,877.0,877.0,USD,,877.0,True,,medium,/Users/dengcy/Library/Mobile Documents/com~apple~CloudDocs/Agent/Flight_search/cash/data/raw/dtw_sjc_2026-11-30_economy_fli_raw.json,50.0,117.58,0.0,75.0,1119.58,next_day_arrival,84,False,,1411,23h 31m,USD 877.00,
DTW,SJC,2026-11-30,one-way,,,,complete,fli,"{'outbound': {'direction': 'outbound', 'origin': 'DTW', 'destination': 'SJC', 'date': '2026-11-30', 'depart_time': '21:12', 'arrive_time': '13:26 +1', 'flight_numbers': 'UA 3556 / UA 2666 / UA 1256', 'carriers': 'UA', 'stops': 2, 'duration_minutes': 1154, 'duration_display': '19h 14m'}, 'return': {'direction': 'return', 'origin': '', 'destination': '', 'date': '', 'depart_time': '', 'arrive_time': '', 'flight_numbers': '', 'carriers': '', 'stops': '', 'duration_minutes': '', 'duration_display': ''}}",DTW,SJC,2026-11-30,21:12,13:26 +1,UA 3556 / UA 2666 / UA 1256,UA,2,1154,19h 14m,,,,,,,,21:12,13:26 +1,UA 3556 / UA 2666 / UA 1256,UA,economy,2,cash,fli,,850.0,850.0,USD,,850.0,True,,medium,/Users/dengcy/Library/Mobile Documents/com~apple~CloudDocs/Agent/Flight_search/cash/data/raw/dtw_sjc_2026-11-30_economy_fli_raw.json,100.0,96.17,0.0,75.0,1121.17,next_day_arrival,80,False,,1154,19h 14m,USD 850.00,
DTW,SJC,2026-11-30,one-way,,,,complete,fli,"{'outbound': {'direction': 'outbound', 'origin': 'DTW', 'destination': 'SJC', 'date': '2026-11-30', 'depart_time': '08:55', 'arrive_time': '13:26', 'flight_numbers': 'UA 2302 / UA 1256', 'carriers': 'UA', 'stops': 1, 'duration_minutes': 451, 'duration_display': '7h 31m'}, 'return': {'direction': 'return', 'origin': '', 'destination': '', 'date': '', 'depart_time': '', 'arrive_time': '', 'flight_numbers': '', 'carriers': '', 'stops': '', 'duration_minutes': '', 'duration_display': ''}}",DTW,SJC,2026-11-30,08:55,13:26,UA 2302 / UA 1256,UA,1,451,7h 31m,,,,,,,,08:55,13:26,UA 2302 / UA 1256,UA,economy,1,cash,fli,,1036.0,1036.0,USD,,1036.0,True,,medium,/Users/dengcy/Library/Mobile Documents/com~apple~CloudDocs/Agent/Flight_search/cash/data/raw/dtw_sjc_2026-11-30_economy_fli_raw.json,50.0,37.58,0.0,0.0,1123.58,,93,False,,451,7h 31m,USD 1036.00,
DTW,SJC,2026-11-30,one-way,,,,complete,fli,"{'outbound': {'direction': 'outbound', 'origin': 'DTW', 'destination': 'SJC', 'date': '2026-11-30', 'depart_time': '19:35', 'arrive_time': '09:27 +1', 'flight_numbers': 'AA 1860 / AA 1193 / AA 4969', 'carriers': 'AA', 'stops': 2, 'duration_minutes': 1012, 'duration_display': '16h 52m'}, 'return': {'direction': 'return', 'origin': '', 'destination': '', 'date': '', 'depart_time': '', 'arrive_time': '', 'flight_numbers': '', 'carriers': '', 'stops': '', 'duration_minutes': '', 'duration_display': ''}}",DTW,SJC,2026-11-30,19:35,09:27 +1,AA 1860 / AA 1193 / AA 4969,AA,2,1012,16h 52m,,,,,,,,19:35,09:27 +1,AA 1860 / AA 1193 / AA 4969,AA,economy,2,cash,fli,,890.0,890.0,USD,,890.0,True,,medium,/Users/dengcy/Library/Mobile Documents/com~apple~CloudDocs/Agent/Flight_search/cash/data/raw/dtw_sjc_2026-11-30_economy_fli_raw.json,100.0,84.33,0.0,75.0,1149.33,next_day_arrival,86,False,,1012,16h 52m,USD 890.00,
DTW,SJC,2026-11-30,one-way,,,,complete,fli,"{'outbound': {'direction': 'outbound', 'origin': 'DTW', 'destination': 'SJC', 'date': '2026-11-30', 'depart_time': '19:30', 'arrive_time': '09:27 +1', 'flight_numbers': 'AA 6246 / AA 3205 / AA 4969', 'carriers': 'AA', 'stops': 2, 'duration_minutes': 1017, 'duration_display': '16h 57m'}, 'return': {'direction': 'return', 'origin': '', 'destination': '', 'date': '', 'depart_time': '', 'arrive_time': '', 'flight_numbers': '', 'carriers': '', 'stops': '', 'duration_minutes': '', 'duration_display': ''}}",DTW,SJC,2026-11-30,19:30,09:27 +1,AA 6246 / AA 3205 / AA 4969,AA,2,1017,16h 57m,,,,,,,,19:30,09:27 +1,AA 6246 / AA 3205 / AA 4969,AA,economy,2,cash,fli,,917.0,917.0,USD,,917.0,True,,medium,/Users/dengcy/Library/Mobile Documents/com~apple~CloudDocs/Agent/Flight_search/cash/data/raw/dtw_sjc_2026-11-30_economy_fli_raw.json,100.0,84.75,0.0,75.0,1176.75,next_day_arrival,89,False,,1017,16h 57m,USD 917.00,
DTW,SJC,2026-11-30,one-way,,,,complete,fli,"{'outbound': {'direction': 'outbound', 'origin': 'DTW', 'destination': 'SJC', 'date': '2026-11-30', 'depart_time': '21:12', 'arrive_time': '13:26 +1', 'flight_numbers': 'UA 3556 / UA 767 / UA 1256', 'carriers': 'UA', 'stops': 2, 'duration_minutes': 1154, 'duration_display': '19h 14m'}, 'return': {'direction': 'return', 'origin': '', 'destination': '', 'date': '', 'depart_time': '', 'arrive_time': '', 'flight_numbers': '', 'carriers': '', 'stops': '', 'duration_minutes': '', 'duration_display': ''}}",DTW,SJC,2026-11-30,21:12,13:26 +1,UA 3556 / UA 767 / UA 1256,UA,2,1154,19h 14m,,,,,,,,21:12,13:26 +1,UA 3556 / UA 767 / UA 1256,UA,economy,2,cash,fli,,910.0,910.0,USD,,910.0,True,,medium,/Users/dengcy/Library/Mobile Documents/com~apple~CloudDocs/Agent/Flight_search/cash/data/raw/dtw_sjc_2026-11-30_economy_fli_raw.json,100.0,96.17,0.0,75.0,1181.17,next_day_arrival,87,False,,1154,19h 14m,USD 910.00,
DTW,SJC,2026-11-30,one-way,,,,complete,fli,"{'outbound': {'direction': 'outbound', 'origin': 'DTW', 'destination': 'SJC', 'date': '2026-11-30', 'depart_time': '19:30', 'arrive_time': '10:16 +1', 'flight_numbers': 'AA 6246 / AA 2896 / AA 2046', 'carriers': 'AA', 'stops': 2, 'duration_minutes': 1066, 'duration_display': '17h 46m'}, 'return': {'direction': 'return', 'origin': '', 'destination': '', 'date': '', 'depart_time': '', 'arrive_time': '', 'flight_numbers': '', 'carriers': '', 'stops': '', 'duration_minutes': '', 'duration_display': ''}}",DTW,SJC,2026-11-30,19:30,10:16 +1,AA 6246 / AA 2896 / AA 2046,AA,2,1066,17h 46m,,,,,,,,19:30,10:16 +1,AA 6246 / AA 2896 / AA 2046,AA,economy,2,cash,fli,,975.0,975.0,USD,,975.0,True,,medium,/Users/dengcy/Library/Mobile Documents/com~apple~CloudDocs/Agent/Flight_search/cash/data/raw/dtw_sjc_2026-11-30_economy_fli_raw.json,100.0,88.83,0.0,75.0,1238.83,next_day_arrival,92,False,,1066,17h 46m,USD 975.00,
DTW,SJC,2026-11-30,one-way,,,,complete,fli,"{'outbound': {'direction': 'outbound', 'origin': 'DTW', 'destination': 'SJC', 'date': '2026-11-30', 'depart_time': '21:12', 'arrive_time': '13:26 +1', 'flight_numbers': 'UA 3556 / UA 1217 / UA 1256', 'carriers': 'UA', 'stops': 2, 'duration_minutes': 1154, 'duration_display': '19h 14m'}, 'return': {'direction': 'return', 'origin': '', 'destination': '', 'date': '', 'depart_time': '', 'arrive_time': '', 'flight_numbers': '', 'carriers': '', 'stops': '', 'duration_minutes': '', 'duration_display': ''}}",DTW,SJC,2026-11-30,21:12,13:26 +1,UA 3556 / UA 1217 / UA 1256,UA,2,1154,19h 14m,,,,,,,,21:12,13:26 +1,UA 3556 / UA 1217 / UA 1256,UA,economy,2,cash,fli,,1054.0,1054.0,USD,,1054.0,True,,medium,/Users/dengcy/Library/Mobile Documents/com~apple~CloudDocs/Agent/Flight_search/cash/data/raw/dtw_sjc_2026-11-30_economy_fli_raw.json,100.0,96.17,0.0,75.0,1325.17,next_day_arrival,94,False,,1154,19h 14m,USD 1054.00,
DTW,SJC,2026-11-30,one-way,,,,complete,fli,"{'outbound': {'direction': 'outbound', 'origin': 'DTW', 'destination': 'SJC', 'date': '2026-11-30', 'depart_time': '16:46', 'arrive_time': '17:56 +1', 'flight_numbers': 'AS 327 / AS 476', 'carriers': 'AS', 'stops': 1, 'duration_minutes': 1690, 'duration_display': '28h 10m'}, 'return': {'direction': 'return', 'origin': '', 'destination': '', 'date': '', 'depart_time': '', 'arrive_time': '', 'flight_numbers': '', 'carriers': '', 'stops': '', 'duration_minutes': '', 'duration_display': ''}}",DTW,SJC,2026-11-30,16:46,17:56 +1,AS 327 / AS 476,AS,1,1690,28h 10m,,,,,,,,16:46,17:56 +1,AS 327 / AS 476,AS,economy,1,cash,fli,,2374.0,2374.0,USD,,2374.0,True,,medium,/Users/dengcy/Library/Mobile Documents/com~apple~CloudDocs/Agent/Flight_search/cash/data/raw/dtw_sjc_2026-11-30_economy_fli_raw.json,50.0,140.83,0.0,75.0,2639.83,next_day_arrival,96,False,,1690,28h 10m,USD 2374.00,
DTW,SJC,2026-11-30,one-way,,,,complete,fli,"{'outbound': {'direction': 'outbound', 'origin': 'DTW', 'destination': 'SJC', 'date': '2026-11-30', 'depart_time': '07:00', 'arrive_time': '17:56 +1', 'flight_numbers': 'AS 313 / AS 476', 'carriers': 'AS', 'stops': 1, 'duration_minutes': 2276, 'duration_display': '37h 56m'}, 'return': {'direction': 'return', 'origin': '', 'destination': '', 'date': '', 'depart_time': '', 'arrive_time': '', 'flight_numbers': '', 'carriers': '', 'stops': '', 'duration_minutes': '', 'duration_display': ''}}",DTW,SJC,2026-11-30,07:00,17:56 +1,AS 313 / AS 476,AS,1,2276,37h 56m,,,,,,,,07:00,17:56 +1,AS 313 / AS 476,AS,economy,1,cash,fli,,2374.0,2374.0,USD,,2374.0,True,,medium,/Users/dengcy/Library/Mobile Documents/com~apple~CloudDocs/Agent/Flight_search/cash/data/raw/dtw_sjc_2026-11-30_economy_fli_raw.json,50.0,189.67,0.0,75.0,2688.67,next_day_arrival,95,False,,2276,37h 56m,USD 2374.00,
