origin,destination,departure_date,depart_time,arrive_time,flight_numbers,carriers,cabin,stops,source_type,source_name,points,cash_price_usd,cash_price_amount,cash_price_currency,taxes_usd,effective_usd,bookable,remaining_seats,confidence,evidence_path,stop_penalty_usd,duration_penalty_usd,time_penalty_usd,next_day_penalty_usd,score,flags,provider_rank,provider_is_best,provider_current_price,duration_minutes,duration_display,raw_price,delay
SFO,DTW,2026-10-14,11:40,20:55,,Southwest,economy,1,cash,fast-flights,,195.0,195.0,USD,,195.0,True,,medium,/Users/dengcy/Library/Mobile Documents/com~apple~CloudDocs/Agent/Flight_search/cash/data/raw/sfo_dtw_2026-10-14_economy_fast_flights_raw.json,50.0,31.25,0.0,0.0,276.25,provider_price_level:typical,3,True,typical,375,6 hr 15 min,$195,
SFO,DTW,2026-10-14,07:54,17:17,,American,economy,1,cash,fast-flights,,209.0,209.0,USD,,209.0,True,,medium,/Users/dengcy/Library/Mobile Documents/com~apple~CloudDocs/Agent/Flight_search/cash/data/raw/sfo_dtw_2026-10-14_economy_fast_flights_raw.json,50.0,31.92,0.0,0.0,290.92,provider_price_level:typical,4,True,typical,383,6 hr 23 min,$209,
SFO,DTW,2026-10-14,12:47,22:12,,American,economy,1,cash,fast-flights,,209.0,209.0,USD,,209.0,True,,medium,/Users/dengcy/Library/Mobile Documents/com~apple~CloudDocs/Agent/Flight_search/cash/data/raw/sfo_dtw_2026-10-14_economy_fast_flights_raw.json,50.0,32.08,0.0,0.0,291.08,provider_price_level:typical,49,False,typical,385,6 hr 25 min,$209,
SFO,DTW,2026-10-14,13:19,22:54,,American,economy,1,cash,fast-flights,,209.0,209.0,USD,,209.0,True,,medium,/Users/dengcy/Library/Mobile Documents/com~apple~CloudDocs/Agent/Flight_search/cash/data/raw/sfo_dtw_2026-10-14_economy_fast_flights_raw.json,50.0,32.92,0.0,0.0,291.92,provider_price_level:typical,50,False,typical,395,6 hr 35 min,$209,
SFO,DTW,2026-10-14,07:30,17:45,,American,economy,1,cash,fast-flights,,209.0,209.0,USD,,209.0,True,,medium,/Users/dengcy/Library/Mobile Documents/com~apple~CloudDocs/Agent/Flight_search/cash/data/raw/sfo_dtw_2026-10-14_economy_fast_flights_raw.json,50.0,36.25,0.0,0.0,295.25,provider_price_level:typical,40,False,typical,435,7 hr 15 min,$209,
SFO,DTW,2026-10-14,10:45,21:13,,American,economy,1,cash,fast-flights,,209.0,209.0,USD,,209.0,True,,medium,/Users/dengcy/Library/Mobile Documents/com~apple~CloudDocs/Agent/Flight_search/cash/data/raw/sfo_dtw_2026-10-14_economy_fast_flights_raw.json,50.0,37.33,0.0,0.0,296.33,provider_price_level:typical,45,False,typical,448,7 hr 28 min,$209,
SFO,DTW,2026-10-14,10:20,22:40,,Southwest,economy,1,cash,fast-flights,,200.0,200.0,USD,,200.0,True,,medium,/Users/dengcy/Library/Mobile Documents/com~apple~CloudDocs/Agent/Flight_search/cash/data/raw/sfo_dtw_2026-10-14_economy_fast_flights_raw.json,50.0,46.67,0.0,0.0,296.67,provider_price_level:typical,30,False,typical,560,9 hr 20 min,$200,
SFO,DTW,2026-10-14,12:22,22:57,,American,economy,1,cash,fast-flights,,209.0,209.0,USD,,209.0,True,,medium,/Users/dengcy/Library/Mobile Documents/com~apple~CloudDocs/Agent/Flight_search/cash/data/raw/sfo_dtw_2026-10-14_economy_fast_flights_raw.json,50.0,37.92,0.0,0.0,296.92,provider_price_level:typical,48,False,typical,455,7 hr 35 min,$209,
SFO,DTW,2026-10-14,07:30,18:51,,American,economy,1,cash,fast-flights,,209.0,209.0,USD,,209.0,True,,medium,/Users/dengcy/Library/Mobile Documents/com~apple~CloudDocs/Agent/Flight_search/cash/data/raw/sfo_dtw_2026-10-14_economy_fast_flights_raw.json,50.0,41.75,0.0,0.0,300.75,provider_price_level:typical,41,False,typical,501,8 hr 21 min,$209,
SFO,DTW,2026-10-14,11:28,22:54,,American,economy,1,cash,fast-flights,,209.0,209.0,USD,,209.0,True,,medium,/Users/dengcy/Library/Mobile Documents/com~apple~CloudDocs/Agent/Flight_search/cash/data/raw/sfo_dtw_2026-10-14_economy_fast_flights_raw.json,50.0,42.17,0.0,0.0,301.17,provider_price_level:typical,47,False,typical,506,8 hr 26 min,$209,
SFO,DTW,2026-10-14,13:25,22:40,,Southwest,economy,1,cash,fast-flights,,220.0,220.0,USD,,220.0,True,,medium,/Users/dengcy/Library/Mobile Documents/com~apple~CloudDocs/Agent/Flight_search/cash/data/raw/sfo_dtw_2026-10-14_economy_fast_flights_raw.json,50.0,31.25,0.0,0.0,301.25,provider_price_level:typical,58,False,typical,375,6 hr 15 min,$220,
SFO,DTW,2026-10-14,09:00,22:54,,American,economy,1,cash,fast-flights,,197.0,197.0,USD,,197.0,True,,medium,/Users/dengcy/Library/Mobile Documents/com~apple~CloudDocs/Agent/Flight_search/cash/data/raw/sfo_dtw_2026-10-14_economy_fast_flights_raw.json,50.0,54.5,0.0,0.0,301.5,provider_price_level:typical,25,False,typical,654,10 hr 54 min,$197,
SFO,DTW,2026-10-14,09:00,21:04,,American,economy,1,cash,fast-flights,,209.0,209.0,USD,,209.0,True,,medium,/Users/dengcy/Library/Mobile Documents/com~apple~CloudDocs/Agent/Flight_search/cash/data/raw/sfo_dtw_2026-10-14_economy_fast_flights_raw.json,50.0,45.33,0.0,0.0,304.33,provider_price_level:typical,43,False,typical,544,9 hr 4 min,$209,
SFO,DTW,2026-10-14,10:45,22:57,,American,economy,1,cash,fast-flights,,209.0,209.0,USD,,209.0,True,,medium,/Users/dengcy/Library/Mobile Documents/com~apple~CloudDocs/Agent/Flight_search/cash/data/raw/sfo_dtw_2026-10-14_economy_fast_flights_raw.json,50.0,46.0,0.0,0.0,305.0,provider_price_level:typical,46,False,typical,552,9 hr 12 min,$209,
SFO,DTW,2026-10-14,08:49,21:13,,American,economy,1,cash,fast-flights,,209.0,209.0,USD,,209.0,True,,medium,/Users/dengcy/Library/Mobile Documents/com~apple~CloudDocs/Agent/Flight_search/cash/data/raw/sfo_dtw_2026-10-14_economy_fast_flights_raw.json,50.0,47.0,0.0,0.0,306.0,provider_price_level:typical,42,False,typical,564,9 hr 24 min,$209,
SFO,DTW,2026-10-14,09:45,22:12,,American,economy,1,cash,fast-flights,,209.0,209.0,USD,,209.0,True,,medium,/Users/dengcy/Library/Mobile Documents/com~apple~CloudDocs/Agent/Flight_search/cash/data/raw/sfo_dtw_2026-10-14_economy_fast_flights_raw.json,50.0,47.25,0.0,0.0,306.25,provider_price_level:typical,44,False,typical,567,9 hr 27 min,$209,
SFO,DTW,2026-10-14,11:28,21:04,,American,economy,1,cash,fast-flights,,239.0,239.0,USD,,239.0,True,,medium,/Users/dengcy/Library/Mobile Documents/com~apple~CloudDocs/Agent/Flight_search/cash/data/raw/sfo_dtw_2026-10-14_economy_fast_flights_raw.json,50.0,33.0,0.0,0.0,322.0,provider_price_level:typical,78,False,typical,396,6 hr 36 min,$239,
SFO,DTW,2026-10-14,06:00,16:57,,Alaska,economy,1,cash,fast-flights,,185.0,185.0,USD,,185.0,True,,medium,/Users/dengcy/Library/Mobile Documents/com~apple~CloudDocs/Agent/Flight_search/cash/data/raw/sfo_dtw_2026-10-14_economy_fast_flights_raw.json,50.0,39.75,50.0,0.0,324.75,"provider_price_level:typical, early departure",12,False,typical,477,7 hr 57 min,$185,
SFO,DTW,2026-10-14,07:54,21:04,,American,economy,1,cash,fast-flights,,224.0,224.0,USD,,224.0,True,,medium,/Users/dengcy/Library/Mobile Documents/com~apple~CloudDocs/Agent/Flight_search/cash/data/raw/sfo_dtw_2026-10-14_economy_fast_flights_raw.json,50.0,50.83,0.0,0.0,324.83,provider_price_level:typical,62,False,typical,610,10 hr 10 min,$224,
SFO,DTW,2026-10-14,07:36,18:03,,American,economy,1,cash,fast-flights,,239.0,239.0,USD,,239.0,True,,medium,/Users/dengcy/Library/Mobile Documents/com~apple~CloudDocs/Agent/Flight_search/cash/data/raw/sfo_dtw_2026-10-14_economy_fast_flights_raw.json,50.0,37.25,0.0,0.0,326.25,provider_price_level:typical,77,False,typical,447,7 hr 27 min,$239,
SFO,DTW,2026-10-14,06:20,15:40,,Southwest,economy,1,cash,fast-flights,,195.0,195.0,USD,,195.0,True,,medium,/Users/dengcy/Library/Mobile Documents/com~apple~CloudDocs/Agent/Flight_search/cash/data/raw/sfo_dtw_2026-10-14_economy_fast_flights_raw.json,50.0,31.67,50.0,0.0,326.67,"provider_price_level:typical, early departure",2,True,typical,380,6 hr 20 min,$195,
SFO,DTW,2026-10-14,14:25,22:00,,Delta,economy,0,cash,fast-flights,,304.0,304.0,USD,,304.0,True,,medium,/Users/dengcy/Library/Mobile Documents/com~apple~CloudDocs/Agent/Flight_search/cash/data/raw/sfo_dtw_2026-10-14_economy_fast_flights_raw.json,0.0,22.92,0.0,0.0,326.92,provider_price_level:typical,102,False,typical,275,4 hr 35 min,$304,
SFO,DTW,2026-10-14,11:35,19:11,,Delta,economy,0,cash,fast-flights,,304.0,304.0,USD,,304.0,True,,medium,/Users/dengcy/Library/Mobile Documents/com~apple~CloudDocs/Agent/Flight_search/cash/data/raw/sfo_dtw_2026-10-14_economy_fast_flights_raw.json,0.0,23.0,0.0,0.0,327.0,provider_price_level:typical,5,True,typical,276,4 hr 36 min,$304,
SFO,DTW,2026-10-14,10:27,18:12,,United,economy,0,cash,fast-flights,,304.0,304.0,USD,,304.0,True,,medium,/Users/dengcy/Library/Mobile Documents/com~apple~CloudDocs/Agent/Flight_search/cash/data/raw/sfo_dtw_2026-10-14_economy_fast_flights_raw.json,0.0,23.75,0.0,0.0,327.75,provider_price_level:typical,101,False,typical,285,4 hr 45 min,$304,
SFO,DTW,2026-10-14,07:54,22:54,,American,economy,1,cash,fast-flights,,224.0,224.0,USD,,224.0,True,,medium,/Users/dengcy/Library/Mobile Documents/com~apple~CloudDocs/Agent/Flight_search/cash/data/raw/sfo_dtw_2026-10-14_economy_fast_flights_raw.json,50.0,60.0,0.0,0.0,334.0,provider_price_level:typical,63,False,typical,720,12 hr,$224,
SFO,DTW,2026-10-14,06:10,17:50,,Southwest,economy,1,cash,fast-flights,,195.0,195.0,USD,,195.0,True,,medium,/Users/dengcy/Library/Mobile Documents/com~apple~CloudDocs/Agent/Flight_search/cash/data/raw/sfo_dtw_2026-10-14_economy_fast_flights_raw.json,50.0,43.33,50.0,0.0,338.33,"provider_price_level:typical, early departure",16,False,typical,520,8 hr 40 min,$195,
SFO,DTW,2026-10-14,06:50,18:50,,Southwest,economy,1,cash,fast-flights,,195.0,195.0,USD,,195.0,True,,medium,/Users/dengcy/Library/Mobile Documents/com~apple~CloudDocs/Agent/Flight_search/cash/data/raw/sfo_dtw_2026-10-14_economy_fast_flights_raw.json,50.0,45.0,50.0,0.0,340.0,"provider_price_level:typical, early departure",17,False,typical,540,9 hr,$195,
SFO,DTW,2026-10-14,19:08,05:40 +1,,Alaska,economy,1,cash,fast-flights,,185.0,185.0,USD,,185.0,True,,medium,/Users/dengcy/Library/Mobile Documents/com~apple~CloudDocs/Agent/Flight_search/cash/data/raw/sfo_dtw_2026-10-14_economy_fast_flights_raw.json,50.0,37.67,0.0,75.0,347.67,"provider_price_level:typical, next_day_arrival",1,True,typical,452,7 hr 32 min,$185,
SFO,DTW,2026-10-14,06:14,17:17,,American,economy,1,cash,fast-flights,,209.0,209.0,USD,,209.0,True,,medium,/Users/dengcy/Library/Mobile Documents/com~apple~CloudDocs/Agent/Flight_search/cash/data/raw/sfo_dtw_2026-10-14_economy_fast_flights_raw.json,50.0,40.25,50.0,0.0,349.25,"provider_price_level:typical, early departure",37,False,typical,483,8 hr 3 min,$209,
SFO,DTW,2026-10-14,06:36,17:45,,American,economy,1,cash,fast-flights,,209.0,209.0,USD,,209.0,True,,medium,/Users/dengcy/Library/Mobile Documents/com~apple~CloudDocs/Agent/Flight_search/cash/data/raw/sfo_dtw_2026-10-14_economy_fast_flights_raw.json,50.0,40.75,50.0,0.0,349.75,"provider_price_level:typical, early departure",38,False,typical,489,8 hr 9 min,$209,
SFO,DTW,2026-10-14,08:40,22:40,,Southwest,economy,2,cash,fast-flights,,200.0,200.0,USD,,200.0,True,,medium,/Users/dengcy/Library/Mobile Documents/com~apple~CloudDocs/Agent/Flight_search/cash/data/raw/sfo_dtw_2026-10-14_economy_fast_flights_raw.json,100.0,55.0,0.0,0.0,355.0,provider_price_level:typical,27,False,typical,660,11 hr,$200,
SFO,DTW,2026-10-14,06:20,20:20,,Southwest,economy,1,cash,fast-flights,,200.0,200.0,USD,,200.0,True,,medium,/Users/dengcy/Library/Mobile Documents/com~apple~CloudDocs/Agent/Flight_search/cash/data/raw/sfo_dtw_2026-10-14_economy_fast_flights_raw.json,50.0,55.0,50.0,0.0,355.0,"provider_price_level:typical, early departure",29,False,typical,660,11 hr,$200,
SFO,DTW,2026-10-14,06:36,18:51,,American,economy,1,cash,fast-flights,,209.0,209.0,USD,,209.0,True,,medium,/Users/dengcy/Library/Mobile Documents/com~apple~CloudDocs/Agent/Flight_search/cash/data/raw/sfo_dtw_2026-10-14_economy_fast_flights_raw.json,50.0,46.25,50.0,0.0,355.25,"provider_price_level:typical, early departure",39,False,typical,555,9 hr 15 min,$209,
SFO,DTW,2026-10-14,07:30,22:40,,Southwest,economy,2,cash,fast-flights,,200.0,200.0,USD,,200.0,True,,medium,/Users/dengcy/Library/Mobile Documents/com~apple~CloudDocs/Agent/Flight_search/cash/data/raw/sfo_dtw_2026-10-14_economy_fast_flights_raw.json,100.0,60.83,0.0,0.0,360.83,provider_price_level:typical,26,False,typical,730,12 hr 10 min,$200,
SFO,DTW,2026-10-14,16:18,05:40 +1,,Alaska,economy,1,cash,fast-flights,,185.0,185.0,USD,,185.0,True,,medium,/Users/dengcy/Library/Mobile Documents/com~apple~CloudDocs/Agent/Flight_search/cash/data/raw/sfo_dtw_2026-10-14_economy_fast_flights_raw.json,50.0,51.83,0.0,75.0,361.83,"provider_price_level:typical, next_day_arrival",13,False,typical,622,10 hr 22 min,$185,
SFO,DTW,2026-10-14,09:16,22:57,,American,economy,2,cash,fast-flights,,214.0,214.0,USD,,214.0,True,,medium,/Users/dengcy/Library/Mobile Documents/com~apple~CloudDocs/Agent/Flight_search/cash/data/raw/sfo_dtw_2026-10-14_economy_fast_flights_raw.json,100.0,53.42,0.0,0.0,367.42,provider_price_level:typical,55,False,typical,641,10 hr 41 min,$214,
SFO,DTW,2026-10-14,14:16,07:21 +1,,Frontier,economy,1,cash,fast-flights,,175.0,175.0,USD,,175.0,True,,medium,/Users/dengcy/Library/Mobile Documents/com~apple~CloudDocs/Agent/Flight_search/cash/data/raw/sfo_dtw_2026-10-14_economy_fast_flights_raw.json,50.0,70.42,0.0,75.0,370.42,"provider_price_level:typical, next_day_arrival",9,False,typical,845,14 hr 5 min,$175,
SFO,DTW,2026-10-14,15:18,05:40 +1,,Alaska,economy,1,cash,fast-flights,,190.0,190.0,USD,,190.0,True,,medium,/Users/dengcy/Library/Mobile Documents/com~apple~CloudDocs/Agent/Flight_search/cash/data/raw/sfo_dtw_2026-10-14_economy_fast_flights_raw.json,50.0,56.83,0.0,75.0,371.83,"provider_price_level:typical, next_day_arrival",15,False,typical,682,11 hr 22 min,$190,
SFO,DTW,2026-10-14,19:17,13:05 +1,,Frontier,economy,1,cash,fast-flights,,175.0,175.0,USD,,175.0,True,,medium,/Users/dengcy/Library/Mobile Documents/com~apple~CloudDocs/Agent/Flight_search/cash/data/raw/sfo_dtw_2026-10-14_economy_fast_flights_raw.json,50.0,74.0,0.0,75.0,374.0,"provider_price_level:typical, next_day_arrival",10,False,typical,888,14 hr 48 min,$175,
SFO,DTW,2026-10-14,06:00,13:36,,Delta,economy,0,cash,fast-flights,,304.0,304.0,USD,,304.0,True,,medium,/Users/dengcy/Library/Mobile Documents/com~apple~CloudDocs/Agent/Flight_search/cash/data/raw/sfo_dtw_2026-10-14_economy_fast_flights_raw.json,0.0,23.0,50.0,0.0,377.0,"provider_price_level:typical, early departure",100,False,typical,276,4 hr 36 min,$304,
SFO,DTW,2026-10-14,13:49,05:40 +1,,Alaska,economy,1,cash,fast-flights,,190.0,190.0,USD,,190.0,True,,medium,/Users/dengcy/Library/Mobile Documents/com~apple~CloudDocs/Agent/Flight_search/cash/data/raw/sfo_dtw_2026-10-14_economy_fast_flights_raw.json,50.0,64.25,0.0,75.0,379.25,"provider_price_level:typical, next_day_arrival",14,False,typical,771,12 hr 51 min,$190,
SFO,DTW,2026-10-14,06:14,21:04,,American,economy,1,cash,fast-flights,,224.0,224.0,USD,,224.0,True,,medium,/Users/dengcy/Library/Mobile Documents/com~apple~CloudDocs/Agent/Flight_search/cash/data/raw/sfo_dtw_2026-10-14_economy_fast_flights_raw.json,50.0,59.17,50.0,0.0,383.17,"provider_price_level:typical, early departure",60,False,typical,710,11 hr 50 min,$224,
SFO,DTW,2026-10-14,09:25,20:55,,Southwest,economy,2,cash,fast-flights,,244.0,244.0,USD,,244.0,True,,medium,/Users/dengcy/Library/Mobile Documents/com~apple~CloudDocs/Agent/Flight_search/cash/data/raw/sfo_dtw_2026-10-14_economy_fast_flights_raw.json,100.0,42.5,0.0,0.0,386.5,provider_price_level:typical,82,False,typical,510,8 hr 30 min,$244,
SFO,DTW,2026-10-14,06:14,22:54,,American,economy,1,cash,fast-flights,,224.0,224.0,USD,,224.0,True,,medium,/Users/dengcy/Library/Mobile Documents/com~apple~CloudDocs/Agent/Flight_search/cash/data/raw/sfo_dtw_2026-10-14_economy_fast_flights_raw.json,50.0,68.33,50.0,0.0,392.33,"provider_price_level:typical, early departure",61,False,typical,820,13 hr 40 min,$224,
SFO,DTW,2026-10-14,17:42,05:40 +1,,Alaska,economy,1,cash,fast-flights,,224.0,224.0,USD,,224.0,True,,medium,/Users/dengcy/Library/Mobile Documents/com~apple~CloudDocs/Agent/Flight_search/cash/data/raw/sfo_dtw_2026-10-14_economy_fast_flights_raw.json,50.0,44.83,0.0,75.0,393.83,"provider_price_level:typical, next_day_arrival",59,False,typical,538,8 hr 58 min,$224,
SFO,DTW,2026-10-14,05:00,18:05,,United,economy,1,cash,fast-flights,,197.0,197.0,USD,,197.0,True,,medium,/Users/dengcy/Library/Mobile Documents/com~apple~CloudDocs/Agent/Flight_search/cash/data/raw/sfo_dtw_2026-10-14_economy_fast_flights_raw.json,50.0,50.42,100.0,0.0,397.42,"provider_price_level:typical, very early departure",22,False,typical,605,10 hr 5 min,$197,
SFO,DTW,2026-10-14,07:00,17:06,,Delta,economy,1,cash,fast-flights,,314.0,314.0,USD,,314.0,True,,medium,/Users/dengcy/Library/Mobile Documents/com~apple~CloudDocs/Agent/Flight_search/cash/data/raw/sfo_dtw_2026-10-14_economy_fast_flights_raw.json,50.0,35.5,0.0,0.0,399.5,provider_price_level:typical,116,False,typical,426,7 hr 6 min,$314,
SFO,DTW,2026-10-14,08:55,19:14,,Delta,economy,1,cash,fast-flights,,314.0,314.0,USD,,314.0,True,,medium,/Users/dengcy/Library/Mobile Documents/com~apple~CloudDocs/Agent/Flight_search/cash/data/raw/sfo_dtw_2026-10-14_economy_fast_flights_raw.json,50.0,36.58,0.0,0.0,400.58,provider_price_level:typical,118,False,typical,439,7 hr 19 min,$314,
SFO,DTW,2026-10-14,09:53,20:38,,Delta,economy,1,cash,fast-flights,,314.0,314.0,USD,,314.0,True,,medium,/Users/dengcy/Library/Mobile Documents/com~apple~CloudDocs/Agent/Flight_search/cash/data/raw/sfo_dtw_2026-10-14_economy_fast_flights_raw.json,50.0,38.75,0.0,0.0,402.75,provider_price_level:typical,119,False,typical,465,7 hr 45 min,$314,
SFO,DTW,2026-10-14,05:54,18:03,,American,economy,1,cash,fast-flights,,209.0,209.0,USD,,209.0,True,,medium,/Users/dengcy/Library/Mobile Documents/com~apple~CloudDocs/Agent/Flight_search/cash/data/raw/sfo_dtw_2026-10-14_economy_fast_flights_raw.json,50.0,45.75,100.0,0.0,404.75,"provider_price_level:typical, very early departure",36,False,typical,549,9 hr 9 min,$209,
SFO,DTW,2026-10-14,05:30,17:45,,American,economy,1,cash,fast-flights,,209.0,209.0,USD,,209.0,True,,medium,/Users/dengcy/Library/Mobile Documents/com~apple~CloudDocs/Agent/Flight_search/cash/data/raw/sfo_dtw_2026-10-14_economy_fast_flights_raw.json,50.0,46.25,100.0,0.0,405.25,"provider_price_level:typical, very early departure",34,False,typical,555,9 hr 15 min,$209,
SFO,DTW,2026-10-14,07:30,18:48,,Delta,economy,1,cash,fast-flights,,314.0,314.0,USD,,314.0,True,,medium,/Users/dengcy/Library/Mobile Documents/com~apple~CloudDocs/Agent/Flight_search/cash/data/raw/sfo_dtw_2026-10-14_economy_fast_flights_raw.json,50.0,41.5,0.0,0.0,405.5,provider_price_level:typical,117,False,typical,498,8 hr 18 min,$314,
SFO,DTW,2026-10-14,00:35,15:27,,United,economy,1,cash,fast-flights,,197.0,197.0,USD,,197.0,True,,medium,/Users/dengcy/Library/Mobile Documents/com~apple~CloudDocs/Agent/Flight_search/cash/data/raw/sfo_dtw_2026-10-14_economy_fast_flights_raw.json,50.0,59.33,100.0,0.0,406.33,"provider_price_level:typical, very early departure",18,False,typical,712,11 hr 52 min,$197,
SFO,DTW,2026-10-14,18:38,09:34 +1,,United,economy,1,cash,fast-flights,,224.0,224.0,USD,,224.0,True,,medium,/Users/dengcy/Library/Mobile Documents/com~apple~CloudDocs/Agent/Flight_search/cash/data/raw/sfo_dtw_2026-10-14_economy_fast_flights_raw.json,50.0,59.67,0.0,75.0,408.67,"provider_price_level:typical, next_day_arrival",71,False,typical,716,11 hr 56 min,$224,
SFO,DTW,2026-10-14,09:25,22:40,,Southwest,economy,2,cash,fast-flights,,259.0,259.0,USD,,259.0,True,,medium,/Users/dengcy/Library/Mobile Documents/com~apple~CloudDocs/Agent/Flight_search/cash/data/raw/sfo_dtw_2026-10-14_economy_fast_flights_raw.json,100.0,51.25,0.0,0.0,410.25,provider_price_level:typical,85,False,typical,615,10 hr 15 min,$259,
SFO,DTW,2026-10-14,05:00,20:40,,United,economy,1,cash,fast-flights,,197.0,197.0,USD,,197.0,True,,medium,/Users/dengcy/Library/Mobile Documents/com~apple~CloudDocs/Agent/Flight_search/cash/data/raw/sfo_dtw_2026-10-14_economy_fast_flights_raw.json,50.0,63.33,100.0,0.0,410.33,"provider_price_level:typical, very early departure",23,False,typical,760,12 hr 40 min,$197,
SFO,DTW,2026-10-14,05:30,18:51,,American,economy,1,cash,fast-flights,,209.0,209.0,USD,,209.0,True,,medium,/Users/dengcy/Library/Mobile Documents/com~apple~CloudDocs/Agent/Flight_search/cash/data/raw/sfo_dtw_2026-10-14_economy_fast_flights_raw.json,50.0,51.75,100.0,0.0,410.75,"provider_price_level:typical, very early departure",35,False,typical,621,10 hr 21 min,$209,
SFO,DTW,2026-10-14,06:50,20:55,,Southwest,economy,2,cash,fast-flights,,206.0,206.0,USD,,206.0,True,,medium,/Users/dengcy/Library/Mobile Documents/com~apple~CloudDocs/Agent/Flight_search/cash/data/raw/sfo_dtw_2026-10-14_economy_fast_flights_raw.json,100.0,55.42,50.0,0.0,411.42,"provider_price_level:typical, early departure",32,False,typical,665,11 hr 5 min,$206,
SFO,DTW,2026-10-14,18:38,11:24 +1,,United,economy,1,cash,fast-flights,,224.0,224.0,USD,,224.0,True,,medium,/Users/dengcy/Library/Mobile Documents/com~apple~CloudDocs/Agent/Flight_search/cash/data/raw/sfo_dtw_2026-10-14_economy_fast_flights_raw.json,50.0,68.83,0.0,75.0,417.83,"provider_price_level:typical, next_day_arrival",72,False,typical,826,13 hr 46 min,$224,
SFO,DTW,2026-10-14,05:00,22:15,,United,economy,1,cash,fast-flights,,197.0,197.0,USD,,197.0,True,,medium,/Users/dengcy/Library/Mobile Documents/com~apple~CloudDocs/Agent/Flight_search/cash/data/raw/sfo_dtw_2026-10-14_economy_fast_flights_raw.json,50.0,71.25,100.0,0.0,418.25,"provider_price_level:typical, very early departure",24,False,typical,855,14 hr 15 min,$197,
SFO,DTW,2026-10-14,00:35,18:05,,United,economy,1,cash,fast-flights,,197.0,197.0,USD,,197.0,True,,medium,/Users/dengcy/Library/Mobile Documents/com~apple~CloudDocs/Agent/Flight_search/cash/data/raw/sfo_dtw_2026-10-14_economy_fast_flights_raw.json,50.0,72.5,100.0,0.0,419.5,"provider_price_level:typical, very early departure",19,False,typical,870,14 hr 30 min,$197,
SFO,DTW,2026-10-14,14:56,09:12 +1,,American,economy,1,cash,fast-flights,,224.0,224.0,USD,,224.0,True,,medium,/Users/dengcy/Library/Mobile Documents/com~apple~CloudDocs/Agent/Flight_search/cash/data/raw/sfo_dtw_2026-10-14_economy_fast_flights_raw.json,50.0,76.33,0.0,75.0,425.33,"provider_price_level:typical, next_day_arrival",69,False,typical,916,15 hr 16 min,$224,
SFO,DTW,2026-10-14,09:35,22:46,,"Alaska, American",economy,1,cash,fast-flights,,329.0,329.0,USD,,329.0,True,,medium,/Users/dengcy/Library/Mobile Documents/com~apple~CloudDocs/Agent/Flight_search/cash/data/raw/sfo_dtw_2026-10-14_economy_fast_flights_raw.json,50.0,50.92,0.0,0.0,429.92,provider_price_level:typical,141,False,typical,611,10 hr 11 min,$329,
SFO,DTW,2026-10-14,00:35,20:40,,United,economy,1,cash,fast-flights,,197.0,197.0,USD,,197.0,True,,medium,/Users/dengcy/Library/Mobile Documents/com~apple~CloudDocs/Agent/Flight_search/cash/data/raw/sfo_dtw_2026-10-14_economy_fast_flights_raw.json,50.0,85.42,100.0,0.0,432.42,"provider_price_level:typical, very early departure",20,False,typical,1025,17 hr 5 min,$197,
SFO,DTW,2026-10-14,19:45,10:15 +1,,Southwest,economy,2,cash,fast-flights,,200.0,200.0,USD,,200.0,True,,medium,/Users/dengcy/Library/Mobile Documents/com~apple~CloudDocs/Agent/Flight_search/cash/data/raw/sfo_dtw_2026-10-14_economy_fast_flights_raw.json,100.0,57.5,0.0,75.0,432.5,"provider_price_level:typical, next_day_arrival",28,False,typical,690,11 hr 30 min,$200,
SFO,DTW,2026-10-14,13:19,09:12 +1,,American,economy,1,cash,fast-flights,,224.0,224.0,USD,,224.0,True,,medium,/Users/dengcy/Library/Mobile Documents/com~apple~CloudDocs/Agent/Flight_search/cash/data/raw/sfo_dtw_2026-10-14_economy_fast_flights_raw.json,50.0,84.42,0.0,75.0,433.42,"provider_price_level:typical, next_day_arrival",67,False,typical,1013,16 hr 53 min,$224,
SFO,DTW,2026-10-14,14:56,12:07 +1,,American,economy,1,cash,fast-flights,,224.0,224.0,USD,,224.0,True,,medium,/Users/dengcy/Library/Mobile Documents/com~apple~CloudDocs/Agent/Flight_search/cash/data/raw/sfo_dtw_2026-10-14_economy_fast_flights_raw.json,50.0,90.92,0.0,75.0,439.92,"provider_price_level:typical, next_day_arrival",70,False,typical,1091,18 hr 11 min,$224,
SFO,DTW,2026-10-14,00:35,22:15,,United,economy,1,cash,fast-flights,,197.0,197.0,USD,,197.0,True,,medium,/Users/dengcy/Library/Mobile Documents/com~apple~CloudDocs/Agent/Flight_search/cash/data/raw/sfo_dtw_2026-10-14_economy_fast_flights_raw.json,50.0,93.33,100.0,0.0,440.33,"provider_price_level:typical, very early departure",21,False,typical,1120,18 hr 40 min,$197,
SFO,DTW,2026-10-14,11:50,23:55,,JetBlue,economy,1,cash,fast-flights,,297.0,297.0,USD,,297.0,True,,medium,/Users/dengcy/Library/Mobile Documents/com~apple~CloudDocs/Agent/Flight_search/cash/data/raw/sfo_dtw_2026-10-14_economy_fast_flights_raw.json,50.0,45.42,50.0,0.0,442.42,"provider_price_level:typical, late arrival",95,False,typical,545,9 hr 5 min,$297,
SFO,DTW,2026-10-14,11:28,09:12 +1,,American,economy,1,cash,fast-flights,,224.0,224.0,USD,,224.0,True,,medium,/Users/dengcy/Library/Mobile Documents/com~apple~CloudDocs/Agent/Flight_search/cash/data/raw/sfo_dtw_2026-10-14_economy_fast_flights_raw.json,50.0,93.67,0.0,75.0,442.67,"provider_price_level:typical, next_day_arrival",65,False,typical,1124,18 hr 44 min,$224,
SFO,DTW,2026-10-14,19:19,09:12 +1,,American,economy,2,cash,fast-flights,,214.0,214.0,USD,,214.0,True,,medium,/Users/dengcy/Library/Mobile Documents/com~apple~CloudDocs/Agent/Flight_search/cash/data/raw/sfo_dtw_2026-10-14_economy_fast_flights_raw.json,100.0,54.42,0.0,75.0,443.42,"provider_price_level:typical, next_day_arrival",56,False,typical,653,10 hr 53 min,$214,
SFO,DTW,2026-10-14,06:00,15:14,,Delta,economy,1,cash,fast-flights,,314.0,314.0,USD,,314.0,True,,medium,/Users/dengcy/Library/Mobile Documents/com~apple~CloudDocs/Agent/Flight_search/cash/data/raw/sfo_dtw_2026-10-14_economy_fast_flights_raw.json,50.0,31.17,50.0,0.0,445.17,"provider_price_level:typical, early departure",110,False,typical,374,6 hr 14 min,$314,
SFO,DTW,2026-10-14,06:15,15:30,,Delta,economy,1,cash,fast-flights,,314.0,314.0,USD,,314.0,True,,medium,/Users/dengcy/Library/Mobile Documents/com~apple~CloudDocs/Agent/Flight_search/cash/data/raw/sfo_dtw_2026-10-14_economy_fast_flights_raw.json,50.0,31.25,50.0,0.0,445.25,"provider_price_level:typical, early departure",115,False,typical,375,6 hr 15 min,$314,
SFO,DTW,2026-10-14,22:32,08:52 +1,,American,economy,1,cash,fast-flights,,209.0,209.0,USD,,209.0,True,,medium,/Users/dengcy/Library/Mobile Documents/com~apple~CloudDocs/Agent/Flight_search/cash/data/raw/sfo_dtw_2026-10-14_economy_fast_flights_raw.json,50.0,36.67,75.0,75.0,445.67,"provider_price_level:typical, late departure, next_day_arrival",52,False,typical,440,7 hr 20 min,$209,
SFO,DTW,2026-10-14,06:03,15:36,,American,economy,1,cash,fast-flights,,314.0,314.0,USD,,314.0,True,,medium,/Users/dengcy/Library/Mobile Documents/com~apple~CloudDocs/Agent/Flight_search/cash/data/raw/sfo_dtw_2026-10-14_economy_fast_flights_raw.json,50.0,32.75,50.0,0.0,446.75,"provider_price_level:typical, early departure",112,False,typical,393,6 hr 33 min,$314,
SFO,DTW,2026-10-14,13:19,12:07 +1,,American,economy,1,cash,fast-flights,,224.0,224.0,USD,,224.0,True,,medium,/Users/dengcy/Library/Mobile Documents/com~apple~CloudDocs/Agent/Flight_search/cash/data/raw/sfo_dtw_2026-10-14_economy_fast_flights_raw.json,50.0,99.0,0.0,75.0,448.0,"provider_price_level:typical, next_day_arrival",68,False,typical,1188,19 hr 48 min,$224,
SFO,DTW,2026-10-14,13:00,23:06,,Delta,economy,1,cash,fast-flights,,314.0,314.0,USD,,314.0,True,,medium,/Users/dengcy/Library/Mobile Documents/com~apple~CloudDocs/Agent/Flight_search/cash/data/raw/sfo_dtw_2026-10-14_economy_fast_flights_raw.json,50.0,35.5,50.0,0.0,449.5,"provider_price_level:typical, late arrival",122,False,typical,426,7 hr 6 min,$314,
SFO,DTW,2026-10-14,13:05,23:18,,Delta,economy,1,cash,fast-flights,,314.0,314.0,USD,,314.0,True,,medium,/Users/dengcy/Library/Mobile Documents/com~apple~CloudDocs/Agent/Flight_search/cash/data/raw/sfo_dtw_2026-10-14_economy_fast_flights_raw.json,50.0,36.08,50.0,0.0,450.08,"provider_price_level:typical, late arrival",123,False,typical,433,7 hr 13 min,$314,
SFO,DTW,2026-10-14,23:36,10:53 +1,,American,economy,1,cash,fast-flights,,209.0,209.0,USD,,209.0,True,,medium,/Users/dengcy/Library/Mobile Documents/com~apple~CloudDocs/Agent/Flight_search/cash/data/raw/sfo_dtw_2026-10-14_economy_fast_flights_raw.json,50.0,41.42,75.0,75.0,450.42,"provider_price_level:typical, late departure, next_day_arrival",54,False,typical,497,8 hr 17 min,$209,
SFO,DTW,2026-10-14,17:20,10:15 +1,,Southwest,economy,2,cash,fast-flights,,206.0,206.0,USD,,206.0,True,,medium,/Users/dengcy/Library/Mobile Documents/com~apple~CloudDocs/Agent/Flight_search/cash/data/raw/sfo_dtw_2026-10-14_economy_fast_flights_raw.json,100.0,69.58,0.0,75.0,450.58,"provider_price_level:typical, next_day_arrival",33,False,typical,835,13 hr 55 min,$206,
SFO,DTW,2026-10-14,18:38,18:05 +1,,United,economy,1,cash,fast-flights,,224.0,224.0,USD,,224.0,True,,medium,/Users/dengcy/Library/Mobile Documents/com~apple~CloudDocs/Agent/Flight_search/cash/data/raw/sfo_dtw_2026-10-14_economy_fast_flights_raw.json,50.0,102.25,0.0,75.0,451.25,"provider_price_level:typical, next_day_arrival",73,False,typical,1227,20 hr 27 min,$224,
SFO,DTW,2026-10-14,13:10,23:57,,United,economy,1,cash,fast-flights,,314.0,314.0,USD,,314.0,True,,medium,/Users/dengcy/Library/Mobile Documents/com~apple~CloudDocs/Agent/Flight_search/cash/data/raw/sfo_dtw_2026-10-14_economy_fast_flights_raw.json,50.0,38.92,50.0,0.0,452.92,"provider_price_level:typical, late arrival",124,False,typical,467,7 hr 47 min,$314,
SFO,DTW,2026-10-14,06:00,17:09,,Delta,economy,1,cash,fast-flights,,314.0,314.0,USD,,314.0,True,,medium,/Users/dengcy/Library/Mobile Documents/com~apple~CloudDocs/Agent/Flight_search/cash/data/raw/sfo_dtw_2026-10-14_economy_fast_flights_raw.json,50.0,40.75,50.0,0.0,454.75,"provider_price_level:typical, early departure",111,False,typical,489,8 hr 9 min,$314,
SFO,DTW,2026-10-14,09:00,09:12 +1,,American,economy,1,cash,fast-flights,,224.0,224.0,USD,,224.0,True,,medium,/Users/dengcy/Library/Mobile Documents/com~apple~CloudDocs/Agent/Flight_search/cash/data/raw/sfo_dtw_2026-10-14_economy_fast_flights_raw.json,50.0,106.0,0.0,75.0,455.0,"provider_price_level:typical, next_day_arrival",64,False,typical,1272,21 hr 12 min,$224,
SFO,DTW,2026-10-14,22:50,12:55 +1,,Southwest,economy,1,cash,fast-flights,,200.0,200.0,USD,,200.0,True,,medium,/Users/dengcy/Library/Mobile Documents/com~apple~CloudDocs/Agent/Flight_search/cash/data/raw/sfo_dtw_2026-10-14_economy_fast_flights_raw.json,50.0,55.42,75.0,75.0,455.42,"provider_price_level:typical, late departure, next_day_arrival",31,False,typical,665,11 hr 5 min,$200,
SFO,DTW,2026-10-14,22:32,10:53 +1,,American,economy,1,cash,fast-flights,,209.0,209.0,USD,,209.0,True,,medium,/Users/dengcy/Library/Mobile Documents/com~apple~CloudDocs/Agent/Flight_search/cash/data/raw/sfo_dtw_2026-10-14_economy_fast_flights_raw.json,50.0,46.75,75.0,75.0,455.75,"provider_price_level:typical, late departure, next_day_arrival",53,False,typical,561,9 hr 21 min,$209,
SFO,DTW,2026-10-14,11:28,12:07 +1,,American,economy,1,cash,fast-flights,,224.0,224.0,USD,,224.0,True,,medium,/Users/dengcy/Library/Mobile Documents/com~apple~CloudDocs/Agent/Flight_search/cash/data/raw/sfo_dtw_2026-10-14_economy_fast_flights_raw.json,50.0,108.25,0.0,75.0,457.25,"provider_price_level:typical, next_day_arrival",66,False,typical,1299,21 hr 39 min,$224,
SFO,DTW,2026-10-14,19:19,12:07 +1,,American,economy,2,cash,fast-flights,,214.0,214.0,USD,,214.0,True,,medium,/Users/dengcy/Library/Mobile Documents/com~apple~CloudDocs/Agent/Flight_search/cash/data/raw/sfo_dtw_2026-10-14_economy_fast_flights_raw.json,100.0,69.0,0.0,75.0,458.0,"provider_price_level:typical, next_day_arrival",57,False,typical,828,13 hr 48 min,$214,
SFO,DTW,2026-10-14,06:10,18:05,,United,economy,1,cash,fast-flights,,314.0,314.0,USD,,314.0,True,,medium,/Users/dengcy/Library/Mobile Documents/com~apple~CloudDocs/Agent/Flight_search/cash/data/raw/sfo_dtw_2026-10-14_economy_fast_flights_raw.json,50.0,44.58,50.0,0.0,458.58,"provider_price_level:typical, early departure",114,False,typical,535,8 hr 55 min,$314,
SFO,DTW,2026-10-14,18:38,13:04 +1,,United,economy,1,cash,fast-flights,,257.0,257.0,USD,,257.0,True,,medium,/Users/dengcy/Library/Mobile Documents/com~apple~CloudDocs/Agent/Flight_search/cash/data/raw/sfo_dtw_2026-10-14_economy_fast_flights_raw.json,50.0,77.17,0.0,75.0,459.17,"provider_price_level:typical, next_day_arrival",84,False,typical,926,15 hr 26 min,$257,
SFO,DTW,2026-10-14,06:22,07:21 +1,,Frontier,economy,1,cash,fast-flights,,175.0,175.0,USD,,175.0,True,,medium,/Users/dengcy/Library/Mobile Documents/com~apple~CloudDocs/Agent/Flight_search/cash/data/raw/sfo_dtw_2026-10-14_economy_fast_flights_raw.json,50.0,109.92,50.0,75.0,459.92,"provider_price_level:typical, early departure, next_day_arrival",8,False,typical,1319,21 hr 59 min,$175,
SFO,DTW,2026-10-14,10:31,23:18,,Delta,economy,1,cash,fast-flights,,314.0,314.0,USD,,314.0,True,,medium,/Users/dengcy/Library/Mobile Documents/com~apple~CloudDocs/Agent/Flight_search/cash/data/raw/sfo_dtw_2026-10-14_economy_fast_flights_raw.json,50.0,48.92,50.0,0.0,462.92,"provider_price_level:typical, late arrival",120,False,typical,587,9 hr 47 min,$314,
SFO,DTW,2026-10-14,06:05,19:10,,Delta,economy,1,cash,fast-flights,,314.0,314.0,USD,,314.0,True,,medium,/Users/dengcy/Library/Mobile Documents/com~apple~CloudDocs/Agent/Flight_search/cash/data/raw/sfo_dtw_2026-10-14_economy_fast_flights_raw.json,50.0,50.42,50.0,0.0,464.42,"provider_price_level:typical, early departure",113,False,typical,605,10 hr 5 min,$314,
SFO,DTW,2026-10-14,23:56,09:12 +1,,American,economy,1,cash,fast-flights,,239.0,239.0,USD,,239.0,True,,medium,/Users/dengcy/Library/Mobile Documents/com~apple~CloudDocs/Agent/Flight_search/cash/data/raw/sfo_dtw_2026-10-14_economy_fast_flights_raw.json,50.0,31.33,75.0,75.0,470.33,"provider_price_level:typical, late departure, next_day_arrival",80,False,typical,376,6 hr 16 min,$239,
SFO,DTW,2026-10-14,14:55,05:40 +1,,Alaska,economy,2,cash,fast-flights,,237.0,237.0,USD,,237.0,True,,medium,/Users/dengcy/Library/Mobile Documents/com~apple~CloudDocs/Agent/Flight_search/cash/data/raw/sfo_dtw_2026-10-14_economy_fast_flights_raw.json,100.0,58.75,0.0,75.0,470.75,"provider_price_level:typical, next_day_arrival",76,False,typical,705,11 hr 45 min,$237,
SFO,DTW,2026-10-14,07:59,22:50,,JetBlue,economy,1,cash,fast-flights,,362.0,362.0,USD,,362.0,True,,medium,/Users/dengcy/Library/Mobile Documents/com~apple~CloudDocs/Agent/Flight_search/cash/data/raw/sfo_dtw_2026-10-14_economy_fast_flights_raw.json,50.0,59.25,0.0,0.0,471.25,provider_price_level:typical,148,False,typical,711,11 hr 51 min,$362,
SFO,DTW,2026-10-14,13:45,00:18 +1,,American,economy,1,cash,fast-flights,,209.0,209.0,USD,,209.0,True,,medium,/Users/dengcy/Library/Mobile Documents/com~apple~CloudDocs/Agent/Flight_search/cash/data/raw/sfo_dtw_2026-10-14_economy_fast_flights_raw.json,50.0,37.75,100.0,75.0,471.75,"provider_price_level:typical, after-midnight arrival, next_day_arrival",51,False,typical,453,7 hr 33 min,$209,
SFO,DTW,2026-10-14,18:38,15:27 +1,,United,economy,1,cash,fast-flights,,259.0,259.0,USD,,259.0,True,,medium,/Users/dengcy/Library/Mobile Documents/com~apple~CloudDocs/Agent/Flight_search/cash/data/raw/sfo_dtw_2026-10-14_economy_fast_flights_raw.json,50.0,89.08,0.0,75.0,473.08,"provider_price_level:typical, next_day_arrival",86,False,typical,1069,17 hr 49 min,$259,
SFO,DTW,2026-10-14,20:05,06:26 +1,,Delta,economy,1,cash,fast-flights,,314.0,314.0,USD,,314.0,True,,medium,/Users/dengcy/Library/Mobile Documents/com~apple~CloudDocs/Agent/Flight_search/cash/data/raw/sfo_dtw_2026-10-14_economy_fast_flights_raw.json,50.0,36.75,0.0,75.0,475.75,"provider_price_level:typical, next_day_arrival",129,False,typical,441,7 hr 21 min,$314,
SFO,DTW,2026-10-14,19:45,12:55 +1,,Southwest,economy,2,cash,fast-flights,,231.0,231.0,USD,,231.0,True,,medium,/Users/dengcy/Library/Mobile Documents/com~apple~CloudDocs/Agent/Flight_search/cash/data/raw/sfo_dtw_2026-10-14_economy_fast_flights_raw.json,100.0,70.83,0.0,75.0,476.83,"provider_price_level:typical, next_day_arrival",75,False,typical,850,14 hr 10 min,$231,
SFO,DTW,2026-10-14,22:45,06:20 +1,,Delta,economy,0,cash,fast-flights,,304.0,304.0,USD,,304.0,True,,medium,/Users/dengcy/Library/Mobile Documents/com~apple~CloudDocs/Agent/Flight_search/cash/data/raw/sfo_dtw_2026-10-14_economy_fast_flights_raw.json,0.0,22.92,75.0,75.0,476.92,"provider_price_level:typical, late departure, next_day_arrival",104,False,typical,275,4 hr 35 min,$304,
SFO,DTW,2026-10-14,22:35,06:26 +1,,United,economy,0,cash,fast-flights,,304.0,304.0,USD,,304.0,True,,medium,/Users/dengcy/Library/Mobile Documents/com~apple~CloudDocs/Agent/Flight_search/cash/data/raw/sfo_dtw_2026-10-14_economy_fast_flights_raw.json,0.0,24.25,75.0,75.0,478.25,"provider_price_level:typical, late departure, next_day_arrival",103,False,typical,291,4 hr 51 min,$304,
SFO,DTW,2026-10-14,18:50,06:00 +1,,Delta,economy,1,cash,fast-flights,,314.0,314.0,USD,,314.0,True,,medium,/Users/dengcy/Library/Mobile Documents/com~apple~CloudDocs/Agent/Flight_search/cash/data/raw/sfo_dtw_2026-10-14_economy_fast_flights_raw.json,50.0,40.83,0.0,75.0,479.83,"provider_price_level:typical, next_day_arrival",128,False,typical,490,8 hr 10 min,$314,
SFO,DTW,2026-10-14,23:30,10:56 +1,,American,economy,1,cash,fast-flights,,239.0,239.0,USD,,239.0,True,,medium,/Users/dengcy/Library/Mobile Documents/com~apple~CloudDocs/Agent/Flight_search/cash/data/raw/sfo_dtw_2026-10-14_economy_fast_flights_raw.json,50.0,42.17,75.0,75.0,481.17,"provider_price_level:typical, late departure, next_day_arrival",79,False,typical,506,8 hr 26 min,$239,
SFO,DTW,2026-10-14,10:30,22:50,,JetBlue,economy,1,cash,fast-flights,,387.0,387.0,USD,,387.0,True,,medium,/Users/dengcy/Library/Mobile Documents/com~apple~CloudDocs/Agent/Flight_search/cash/data/raw/sfo_dtw_2026-10-14_economy_fast_flights_raw.json,50.0,46.67,0.0,0.0,483.67,provider_price_level:typical,150,False,typical,560,9 hr 20 min,$387,
SFO,DTW,2026-10-14,21:30,09:28 +1,,Delta,economy,1,cash,fast-flights,,314.0,314.0,USD,,314.0,True,,medium,/Users/dengcy/Library/Mobile Documents/com~apple~CloudDocs/Agent/Flight_search/cash/data/raw/sfo_dtw_2026-10-14_economy_fast_flights_raw.json,50.0,44.83,0.0,75.0,483.83,"provider_price_level:typical, next_day_arrival",130,False,typical,538,8 hr 58 min,$314,
SFO,DTW,2026-10-14,23:56,12:07 +1,,American,economy,1,cash,fast-flights,,239.0,239.0,USD,,239.0,True,,medium,/Users/dengcy/Library/Mobile Documents/com~apple~CloudDocs/Agent/Flight_search/cash/data/raw/sfo_dtw_2026-10-14_economy_fast_flights_raw.json,50.0,45.92,75.0,75.0,484.92,"provider_price_level:typical, late departure, next_day_arrival",81,False,typical,551,9 hr 11 min,$239,
SFO,DTW,2026-10-14,21:30,10:17 +1,,Delta,economy,1,cash,fast-flights,,314.0,314.0,USD,,314.0,True,,medium,/Users/dengcy/Library/Mobile Documents/com~apple~CloudDocs/Agent/Flight_search/cash/data/raw/sfo_dtw_2026-10-14_economy_fast_flights_raw.json,50.0,48.92,0.0,75.0,487.92,"provider_price_level:typical, next_day_arrival",131,False,typical,587,9 hr 47 min,$314,
SFO,DTW,2026-10-14,06:00,13:05 +1,,Frontier,economy,1,cash,fast-flights,,175.0,175.0,USD,,175.0,True,,medium,/Users/dengcy/Library/Mobile Documents/com~apple~CloudDocs/Agent/Flight_search/cash/data/raw/sfo_dtw_2026-10-14_economy_fast_flights_raw.json,50.0,140.42,50.0,75.0,490.42,"provider_price_level:typical, early departure, next_day_arrival",7,False,typical,1685,28 hr 5 min,$175,
SFO,DTW,2026-10-14,16:39,09:34 +1,,United,economy,1,cash,fast-flights,,297.0,297.0,USD,,297.0,True,,medium,/Users/dengcy/Library/Mobile Documents/com~apple~CloudDocs/Agent/Flight_search/cash/data/raw/sfo_dtw_2026-10-14_economy_fast_flights_raw.json,50.0,69.58,0.0,75.0,491.58,"provider_price_level:typical, next_day_arrival",96,False,typical,835,13 hr 55 min,$297,
SFO,DTW,2026-10-14,16:45,06:26 +1,,Delta,economy,1,cash,fast-flights,,314.0,314.0,USD,,314.0,True,,medium,/Users/dengcy/Library/Mobile Documents/com~apple~CloudDocs/Agent/Flight_search/cash/data/raw/sfo_dtw_2026-10-14_economy_fast_flights_raw.json,50.0,53.42,0.0,75.0,492.42,"provider_price_level:typical, next_day_arrival",127,False,typical,641,10 hr 41 min,$314,
SFO,DTW,2026-10-14,05:00,14:28,,United,economy,1,cash,fast-flights,,314.0,314.0,USD,,314.0,True,,medium,/Users/dengcy/Library/Mobile Documents/com~apple~CloudDocs/Agent/Flight_search/cash/data/raw/sfo_dtw_2026-10-14_economy_fast_flights_raw.json,50.0,32.33,100.0,0.0,496.33,"provider_price_level:typical, very early departure",108,False,typical,388,6 hr 28 min,$314,
SFO,DTW,2026-10-14,05:00,15:27,,United,economy,1,cash,fast-flights,,314.0,314.0,USD,,314.0,True,,medium,/Users/dengcy/Library/Mobile Documents/com~apple~CloudDocs/Agent/Flight_search/cash/data/raw/sfo_dtw_2026-10-14_economy_fast_flights_raw.json,50.0,37.25,100.0,0.0,501.25,"provider_price_level:typical, very early departure",109,False,typical,447,7 hr 27 min,$314,
SFO,DTW,2026-10-14,00:35,11:24,,United,economy,1,cash,fast-flights,,314.0,314.0,USD,,314.0,True,,medium,/Users/dengcy/Library/Mobile Documents/com~apple~CloudDocs/Agent/Flight_search/cash/data/raw/sfo_dtw_2026-10-14_economy_fast_flights_raw.json,50.0,39.08,100.0,0.0,503.08,"provider_price_level:typical, very early departure",105,False,typical,469,7 hr 49 min,$314,
SFO,DTW,2026-10-14,00:40,11:39,,Delta,economy,1,cash,fast-flights,,314.0,314.0,USD,,314.0,True,,medium,/Users/dengcy/Library/Mobile Documents/com~apple~CloudDocs/Agent/Flight_search/cash/data/raw/sfo_dtw_2026-10-14_economy_fast_flights_raw.json,50.0,39.92,100.0,0.0,503.92,"provider_price_level:typical, very early departure",107,False,typical,479,7 hr 59 min,$314,
SFO,DTW,2026-10-14,14:55,05:40 +1,,Alaska,economy,2,cash,fast-flights,,277.0,277.0,USD,,277.0,True,,medium,/Users/dengcy/Library/Mobile Documents/com~apple~CloudDocs/Agent/Flight_search/cash/data/raw/sfo_dtw_2026-10-14_economy_fast_flights_raw.json,100.0,58.75,0.0,75.0,510.75,"provider_price_level:typical, next_day_arrival",90,False,typical,705,11 hr 45 min,$277,
SFO,DTW,2026-10-14,08:06,23:55,,JetBlue,economy,1,cash,fast-flights,,347.0,347.0,USD,,347.0,True,,medium,/Users/dengcy/Library/Mobile Documents/com~apple~CloudDocs/Agent/Flight_search/cash/data/raw/sfo_dtw_2026-10-14_economy_fast_flights_raw.json,50.0,64.08,50.0,0.0,511.08,"provider_price_level:typical, late arrival",145,False,typical,769,12 hr 49 min,$347,
SFO,DTW,2026-10-14,00:35,13:04,,United,economy,1,cash,fast-flights,,314.0,314.0,USD,,314.0,True,,medium,/Users/dengcy/Library/Mobile Documents/com~apple~CloudDocs/Agent/Flight_search/cash/data/raw/sfo_dtw_2026-10-14_economy_fast_flights_raw.json,50.0,47.42,100.0,0.0,511.42,"provider_price_level:typical, very early departure",106,False,typical,569,9 hr 29 min,$314,
SFO,DTW,2026-10-14,23:56,22:54 +1,,American,economy,1,cash,fast-flights,,224.0,224.0,USD,,224.0,True,,medium,/Users/dengcy/Library/Mobile Documents/com~apple~CloudDocs/Agent/Flight_search/cash/data/raw/sfo_dtw_2026-10-14_economy_fast_flights_raw.json,50.0,99.83,75.0,75.0,523.83,"provider_price_level:typical, late departure, next_day_arrival",74,False,typical,1198,19 hr 58 min,$224,
SFO,DTW,2026-10-14,23:40,10:15 +1,,Southwest,economy,1,cash,fast-flights,,289.0,289.0,USD,,289.0,True,,medium,/Users/dengcy/Library/Mobile Documents/com~apple~CloudDocs/Agent/Flight_search/cash/data/raw/sfo_dtw_2026-10-14_economy_fast_flights_raw.json,50.0,37.92,75.0,75.0,526.92,"provider_price_level:typical, late departure, next_day_arrival",92,False,typical,455,7 hr 35 min,$289,
SFO,DTW,2026-10-14,06:00,00:24 +1,,Frontier,economy,1,cash,fast-flights,,175.0,175.0,USD,,175.0,True,,medium,/Users/dengcy/Library/Mobile Documents/com~apple~CloudDocs/Agent/Flight_search/cash/data/raw/sfo_dtw_2026-10-14_economy_fast_flights_raw.json,50.0,77.0,150.0,75.0,527.0,"provider_price_level:typical, early departure, after-midnight arrival, next_day_arrival",6,False,typical,924,15 hr 24 min,$175,
SFO,DTW,2026-10-14,19:17,00:24 +2,,Frontier,economy,1,cash,fast-flights,,175.0,175.0,USD,,175.0,True,,medium,/Users/dengcy/Library/Mobile Documents/com~apple~CloudDocs/Agent/Flight_search/cash/data/raw/sfo_dtw_2026-10-14_economy_fast_flights_raw.json,50.0,130.58,100.0,75.0,530.58,"provider_price_level:typical, after-midnight arrival, next_day_arrival",11,False,typical,1567,26 hr 7 min,$175,
SFO,DTW,2026-10-14,22:48,14:43 +1,,Frontier,economy,1,cash,fast-flights,,268.0,268.0,USD,,268.0,True,,medium,/Users/dengcy/Library/Mobile Documents/com~apple~CloudDocs/Agent/Flight_search/cash/data/raw/sfo_dtw_2026-10-14_economy_fast_flights_raw.json,50.0,64.58,75.0,75.0,532.58,"provider_price_level:typical, late departure, next_day_arrival",89,False,typical,775,12 hr 55 min,$268,
SFO,DTW,2026-10-14,23:30,18:05 +1,,United,economy,1,cash,fast-flights,,263.0,263.0,USD,,263.0,True,,medium,/Users/dengcy/Library/Mobile Documents/com~apple~CloudDocs/Agent/Flight_search/cash/data/raw/sfo_dtw_2026-10-14_economy_fast_flights_raw.json,50.0,77.92,75.0,75.0,540.92,"provider_price_level:typical, late departure, next_day_arrival",87,False,typical,935,15 hr 35 min,$263,
SFO,DTW,2026-10-14,23:30,13:04 +1,,United,economy,1,cash,fast-flights,,296.0,296.0,USD,,296.0,True,,medium,/Users/dengcy/Library/Mobile Documents/com~apple~CloudDocs/Agent/Flight_search/cash/data/raw/sfo_dtw_2026-10-14_economy_fast_flights_raw.json,50.0,52.83,75.0,75.0,548.83,"provider_price_level:typical, late departure, next_day_arrival",94,False,typical,634,10 hr 34 min,$296,
SFO,DTW,2026-10-14,23:30,09:34 +1,,United,economy,1,cash,fast-flights,,314.0,314.0,USD,,314.0,True,,medium,/Users/dengcy/Library/Mobile Documents/com~apple~CloudDocs/Agent/Flight_search/cash/data/raw/sfo_dtw_2026-10-14_economy_fast_flights_raw.json,50.0,35.33,75.0,75.0,549.33,"provider_price_level:typical, late departure, next_day_arrival",136,False,typical,424,7 hr 4 min,$314,
SFO,DTW,2026-10-14,23:45,10:17 +1,,Delta,economy,1,cash,fast-flights,,314.0,314.0,USD,,314.0,True,,medium,/Users/dengcy/Library/Mobile Documents/com~apple~CloudDocs/Agent/Flight_search/cash/data/raw/sfo_dtw_2026-10-14_economy_fast_flights_raw.json,50.0,37.67,75.0,75.0,551.67,"provider_price_level:typical, late departure, next_day_arrival",138,False,typical,452,7 hr 32 min,$314,
SFO,DTW,2026-10-14,22:55,09:50 +1,,United,economy,1,cash,fast-flights,,314.0,314.0,USD,,314.0,True,,medium,/Users/dengcy/Library/Mobile Documents/com~apple~CloudDocs/Agent/Flight_search/cash/data/raw/sfo_dtw_2026-10-14_economy_fast_flights_raw.json,50.0,39.58,75.0,75.0,553.58,"provider_price_level:typical, late departure, next_day_arrival",135,False,typical,475,7 hr 55 min,$314,
SFO,DTW,2026-10-14,22:30,09:28 +1,,Delta,economy,1,cash,fast-flights,,314.0,314.0,USD,,314.0,True,,medium,/Users/dengcy/Library/Mobile Documents/com~apple~CloudDocs/Agent/Flight_search/cash/data/raw/sfo_dtw_2026-10-14_economy_fast_flights_raw.json,50.0,39.83,75.0,75.0,553.83,"provider_price_level:typical, late departure, next_day_arrival",132,False,typical,478,7 hr 58 min,$314,
SFO,DTW,2026-10-14,22:35,09:34 +1,,United,economy,1,cash,fast-flights,,314.0,314.0,USD,,314.0,True,,medium,/Users/dengcy/Library/Mobile Documents/com~apple~CloudDocs/Agent/Flight_search/cash/data/raw/sfo_dtw_2026-10-14_economy_fast_flights_raw.json,50.0,39.92,75.0,75.0,553.92,"provider_price_level:typical, late departure, next_day_arrival",134,False,typical,479,7 hr 59 min,$314,
SFO,DTW,2026-10-14,00:45,13:55,,United,economy,1,cash,fast-flights,,356.0,356.0,USD,,356.0,True,,medium,/Users/dengcy/Library/Mobile Documents/com~apple~CloudDocs/Agent/Flight_search/cash/data/raw/sfo_dtw_2026-10-14_economy_fast_flights_raw.json,50.0,50.83,100.0,0.0,556.83,"provider_price_level:typical, very early departure",147,False,typical,610,10 hr 10 min,$356,
SFO,DTW,2026-10-14,23:45,11:22 +1,,Delta,economy,1,cash,fast-flights,,314.0,314.0,USD,,314.0,True,,medium,/Users/dengcy/Library/Mobile Documents/com~apple~CloudDocs/Agent/Flight_search/cash/data/raw/sfo_dtw_2026-10-14_economy_fast_flights_raw.json,50.0,43.08,75.0,75.0,557.08,"provider_price_level:typical, late departure, next_day_arrival",139,False,typical,517,8 hr 37 min,$314,
SFO,DTW,2026-10-14,23:56,17:17 +1,,American,economy,1,cash,fast-flights,,286.0,286.0,USD,,286.0,True,,medium,/Users/dengcy/Library/Mobile Documents/com~apple~CloudDocs/Agent/Flight_search/cash/data/raw/sfo_dtw_2026-10-14_economy_fast_flights_raw.json,50.0,71.75,75.0,75.0,557.75,"provider_price_level:typical, late departure, next_day_arrival",91,False,typical,861,14 hr 21 min,$286,
SFO,DTW,2026-10-14,22:30,10:17 +1,,Delta,economy,1,cash,fast-flights,,314.0,314.0,USD,,314.0,True,,medium,/Users/dengcy/Library/Mobile Documents/com~apple~CloudDocs/Agent/Flight_search/cash/data/raw/sfo_dtw_2026-10-14_economy_fast_flights_raw.json,50.0,43.92,75.0,75.0,557.92,"provider_price_level:typical, late departure, next_day_arrival",133,False,typical,527,8 hr 47 min,$314,
SFO,DTW,2026-10-14,23:30,11:24 +1,,United,economy,1,cash,fast-flights,,314.0,314.0,USD,,314.0,True,,medium,/Users/dengcy/Library/Mobile Documents/com~apple~CloudDocs/Agent/Flight_search/cash/data/raw/sfo_dtw_2026-10-14_economy_fast_flights_raw.json,50.0,44.5,75.0,75.0,558.5,"provider_price_level:typical, late departure, next_day_arrival",137,False,typical,534,8 hr 54 min,$314,
SFO,DTW,2026-10-14,00:35,23:59,,United,economy,1,cash,fast-flights,,257.0,257.0,USD,,257.0,True,,medium,/Users/dengcy/Library/Mobile Documents/com~apple~CloudDocs/Agent/Flight_search/cash/data/raw/sfo_dtw_2026-10-14_economy_fast_flights_raw.json,50.0,102.0,150.0,0.0,559.0,"provider_price_level:typical, very early departure, late arrival",83,False,typical,1224,20 hr 24 min,$257,
SFO,DTW,2026-10-14,23:30,15:27 +1,,United,economy,1,cash,fast-flights,,298.0,298.0,USD,,298.0,True,,medium,/Users/dengcy/Library/Mobile Documents/com~apple~CloudDocs/Agent/Flight_search/cash/data/raw/sfo_dtw_2026-10-14_economy_fast_flights_raw.json,50.0,64.75,75.0,75.0,562.75,"provider_price_level:typical, late departure, next_day_arrival",98,False,typical,777,12 hr 57 min,$298,
SFO,DTW,2026-10-14,23:45,12:34 +1,,Delta,economy,1,cash,fast-flights,,314.0,314.0,USD,,314.0,True,,medium,/Users/dengcy/Library/Mobile Documents/com~apple~CloudDocs/Agent/Flight_search/cash/data/raw/sfo_dtw_2026-10-14_economy_fast_flights_raw.json,50.0,49.08,75.0,75.0,563.08,"provider_price_level:typical, late departure, next_day_arrival",140,False,typical,589,9 hr 49 min,$314,
SFO,DTW,2026-10-14,13:35,00:03 +1,,Delta,economy,1,cash,fast-flights,,314.0,314.0,USD,,314.0,True,,medium,/Users/dengcy/Library/Mobile Documents/com~apple~CloudDocs/Agent/Flight_search/cash/data/raw/sfo_dtw_2026-10-14_economy_fast_flights_raw.json,50.0,37.33,100.0,75.0,576.33,"provider_price_level:typical, after-midnight arrival, next_day_arrival",125,False,typical,448,7 hr 28 min,$314,
SFO,DTW,2026-10-14,14:00,00:44 +1,,Delta,economy,1,cash,fast-flights,,314.0,314.0,USD,,314.0,True,,medium,/Users/dengcy/Library/Mobile Documents/com~apple~CloudDocs/Agent/Flight_search/cash/data/raw/sfo_dtw_2026-10-14_economy_fast_flights_raw.json,50.0,38.67,100.0,75.0,577.67,"provider_price_level:typical, after-midnight arrival, next_day_arrival",126,False,typical,464,7 hr 44 min,$314,
SFO,DTW,2026-10-14,22:35,18:05 +1,,United,economy,1,cash,fast-flights,,297.0,297.0,USD,,297.0,True,,medium,/Users/dengcy/Library/Mobile Documents/com~apple~CloudDocs/Agent/Flight_search/cash/data/raw/sfo_dtw_2026-10-14_economy_fast_flights_raw.json,50.0,82.5,75.0,75.0,579.5,"provider_price_level:typical, late departure, next_day_arrival",97,False,typical,990,16 hr 30 min,$297,
SFO,DTW,2026-10-14,22:35,13:04 +1,,United,economy,1,cash,fast-flights,,330.0,330.0,USD,,330.0,True,,medium,/Users/dengcy/Library/Mobile Documents/com~apple~CloudDocs/Agent/Flight_search/cash/data/raw/sfo_dtw_2026-10-14_economy_fast_flights_raw.json,50.0,57.42,75.0,75.0,587.42,"provider_price_level:typical, late departure, next_day_arrival",142,False,typical,689,11 hr 29 min,$330,
SFO,DTW,2026-10-14,11:30,00:44 +1,,Delta,economy,1,cash,fast-flights,,314.0,314.0,USD,,314.0,True,,medium,/Users/dengcy/Library/Mobile Documents/com~apple~CloudDocs/Agent/Flight_search/cash/data/raw/sfo_dtw_2026-10-14_economy_fast_flights_raw.json,50.0,51.17,100.0,75.0,590.17,"provider_price_level:typical, after-midnight arrival, next_day_arrival",121,False,typical,614,10 hr 14 min,$314,
SFO,DTW,2026-10-14,23:40,12:45 +1,,Southwest,economy,2,cash,fast-flights,,294.0,294.0,USD,,294.0,True,,medium,/Users/dengcy/Library/Mobile Documents/com~apple~CloudDocs/Agent/Flight_search/cash/data/raw/sfo_dtw_2026-10-14_economy_fast_flights_raw.json,100.0,50.42,75.0,75.0,594.42,"provider_price_level:typical, late departure, next_day_arrival",93,False,typical,605,10 hr 5 min,$294,
SFO,DTW,2026-10-14,23:30,22:15 +1,,United,economy,1,cash,fast-flights,,298.0,298.0,USD,,298.0,True,,medium,/Users/dengcy/Library/Mobile Documents/com~apple~CloudDocs/Agent/Flight_search/cash/data/raw/sfo_dtw_2026-10-14_economy_fast_flights_raw.json,50.0,98.75,75.0,75.0,596.75,"provider_price_level:typical, late departure, next_day_arrival",99,False,typical,1185,19 hr 45 min,$298,
SFO,DTW,2026-10-14,22:35,15:27 +1,,United,economy,1,cash,fast-flights,,332.0,332.0,USD,,332.0,True,,medium,/Users/dengcy/Library/Mobile Documents/com~apple~CloudDocs/Agent/Flight_search/cash/data/raw/sfo_dtw_2026-10-14_economy_fast_flights_raw.json,50.0,69.33,75.0,75.0,601.33,"provider_price_level:typical, late departure, next_day_arrival",143,False,typical,832,13 hr 52 min,$332,
SFO,DTW,2026-10-14,23:30,23:59 +1,,United,economy,1,cash,fast-flights,,263.0,263.0,USD,,263.0,True,,medium,/Users/dengcy/Library/Mobile Documents/com~apple~CloudDocs/Agent/Flight_search/cash/data/raw/sfo_dtw_2026-10-14_economy_fast_flights_raw.json,50.0,107.42,125.0,75.0,620.42,"provider_price_level:typical, late departure, late arrival, next_day_arrival",88,False,typical,1289,21 hr 29 min,$263,
SFO,DTW,2026-10-14,20:43,16:57 +1,,Alaska,economy,1,cash,fast-flights,,420.0,420.0,USD,,420.0,True,,medium,/Users/dengcy/Library/Mobile Documents/com~apple~CloudDocs/Agent/Flight_search/cash/data/raw/sfo_dtw_2026-10-14_economy_fast_flights_raw.json,50.0,86.17,0.0,75.0,631.17,"provider_price_level:typical, next_day_arrival",151,False,typical,1034,17 hr 14 min,$420,
SFO,DTW,2026-10-14,22:35,22:15 +1,,United,economy,1,cash,fast-flights,,332.0,332.0,USD,,332.0,True,,medium,/Users/dengcy/Library/Mobile Documents/com~apple~CloudDocs/Agent/Flight_search/cash/data/raw/sfo_dtw_2026-10-14_economy_fast_flights_raw.json,50.0,103.33,75.0,75.0,635.33,"provider_price_level:typical, late departure, next_day_arrival",144,False,typical,1240,20 hr 40 min,$332,
SFO,DTW,2026-10-14,23:56,21:04 +1,,American,economy,1,cash,fast-flights,,350.0,350.0,USD,,350.0,True,,medium,/Users/dengcy/Library/Mobile Documents/com~apple~CloudDocs/Agent/Flight_search/cash/data/raw/sfo_dtw_2026-10-14_economy_fast_flights_raw.json,50.0,90.67,75.0,75.0,640.67,"provider_price_level:typical, late departure, next_day_arrival",146,False,typical,1088,18 hr 8 min,$350,
SFO,DTW,2026-10-14,23:10,15:10 +1,,JetBlue,economy,1,cash,fast-flights,,377.0,377.0,USD,,377.0,True,,medium,/Users/dengcy/Library/Mobile Documents/com~apple~CloudDocs/Agent/Flight_search/cash/data/raw/sfo_dtw_2026-10-14_economy_fast_flights_raw.json,50.0,65.0,75.0,75.0,642.0,"provider_price_level:typical, late departure, next_day_arrival",149,False,typical,780,13 hr,$377,
SFO,DTW,2026-10-14,19:08,16:57 +1,,Alaska,economy,1,cash,fast-flights,,450.0,450.0,USD,,450.0,True,,medium,/Users/dengcy/Library/Mobile Documents/com~apple~CloudDocs/Agent/Flight_search/cash/data/raw/sfo_dtw_2026-10-14_economy_fast_flights_raw.json,50.0,94.08,0.0,75.0,669.08,"provider_price_level:typical, next_day_arrival",152,False,typical,1129,18 hr 49 min,$450,
SFO,DTW,2026-10-14,17:42,16:57 +1,,Alaska,economy,1,cash,fast-flights,,471.0,471.0,USD,,471.0,True,,medium,/Users/dengcy/Library/Mobile Documents/com~apple~CloudDocs/Agent/Flight_search/cash/data/raw/sfo_dtw_2026-10-14_economy_fast_flights_raw.json,50.0,101.25,0.0,75.0,697.25,"provider_price_level:typical, next_day_arrival",153,False,typical,1215,20 hr 15 min,$471,
SFO,DTW,2026-10-14,00:45,22:30,,United,economy,1,cash,fast-flights,,477.0,477.0,USD,,477.0,True,,medium,/Users/dengcy/Library/Mobile Documents/com~apple~CloudDocs/Agent/Flight_search/cash/data/raw/sfo_dtw_2026-10-14_economy_fast_flights_raw.json,50.0,93.75,100.0,0.0,720.75,"provider_price_level:typical, very early departure",154,False,typical,1125,18 hr 45 min,$477,
SFO,DTW,2026-10-14,22:57,14:15 +1,,United,economy,1,cash,fast-flights,,483.0,483.0,USD,,483.0,True,,medium,/Users/dengcy/Library/Mobile Documents/com~apple~CloudDocs/Agent/Flight_search/cash/data/raw/sfo_dtw_2026-10-14_economy_fast_flights_raw.json,50.0,61.5,75.0,75.0,744.5,"provider_price_level:typical, late departure, next_day_arrival",156,False,typical,738,12 hr 18 min,$483,
SFO,DTW,2026-10-14,23:59,22:30 +1,,United,economy,1,cash,fast-flights,,477.0,477.0,USD,,477.0,True,,medium,/Users/dengcy/Library/Mobile Documents/com~apple~CloudDocs/Agent/Flight_search/cash/data/raw/sfo_dtw_2026-10-14_economy_fast_flights_raw.json,50.0,97.58,75.0,75.0,774.58,"provider_price_level:typical, late departure, next_day_arrival",155,False,typical,1171,19 hr 31 min,$477,
SFO,DTW,2026-10-14,23:30,20:40 +1,,United,economy,1,cash,fast-flights,,486.0,486.0,USD,,486.0,True,,medium,/Users/dengcy/Library/Mobile Documents/com~apple~CloudDocs/Agent/Flight_search/cash/data/raw/sfo_dtw_2026-10-14_economy_fast_flights_raw.json,50.0,90.83,75.0,75.0,776.83,"provider_price_level:typical, late departure, next_day_arrival",157,False,typical,1090,18 hr 10 min,$486,
SFO,DTW,2026-10-14,21:30,19:02 +1,,United,economy,1,cash,fast-flights,,562.0,562.0,USD,,562.0,True,,medium,/Users/dengcy/Library/Mobile Documents/com~apple~CloudDocs/Agent/Flight_search/cash/data/raw/sfo_dtw_2026-10-14_economy_fast_flights_raw.json,50.0,92.67,0.0,75.0,779.67,"provider_price_level:typical, next_day_arrival",160,False,typical,1112,18 hr 32 min,$562,
SFO,DTW,2026-10-14,22:35,20:40 +1,,United,economy,1,cash,fast-flights,,520.0,520.0,USD,,520.0,True,,medium,/Users/dengcy/Library/Mobile Documents/com~apple~CloudDocs/Agent/Flight_search/cash/data/raw/sfo_dtw_2026-10-14_economy_fast_flights_raw.json,50.0,95.42,75.0,75.0,815.42,"provider_price_level:typical, late departure, next_day_arrival",158,False,typical,1145,19 hr 5 min,$520,
SFO,DTW,2026-10-14,23:59,18:17 +1,,United,economy,1,cash,fast-flights,,557.0,557.0,USD,,557.0,True,,medium,/Users/dengcy/Library/Mobile Documents/com~apple~CloudDocs/Agent/Flight_search/cash/data/raw/sfo_dtw_2026-10-14_economy_fast_flights_raw.json,50.0,76.5,75.0,75.0,833.5,"provider_price_level:typical, late departure, next_day_arrival",159,False,typical,918,15 hr 18 min,$557,
SFO,DTW,2026-10-14,22:35,19:02 +1,,United,economy,1,cash,fast-flights,,562.0,562.0,USD,,562.0,True,,medium,/Users/dengcy/Library/Mobile Documents/com~apple~CloudDocs/Agent/Flight_search/cash/data/raw/sfo_dtw_2026-10-14_economy_fast_flights_raw.json,50.0,87.25,75.0,75.0,849.25,"provider_price_level:typical, late departure, next_day_arrival",161,False,typical,1047,17 hr 27 min,$562,
SFO,DTW,2026-10-14,23:58,18:37 +1,,American,economy,1,cash,fast-flights,,572.0,572.0,USD,,572.0,True,,medium,/Users/dengcy/Library/Mobile Documents/com~apple~CloudDocs/Agent/Flight_search/cash/data/raw/sfo_dtw_2026-10-14_economy_fast_flights_raw.json,50.0,78.25,75.0,75.0,850.25,"provider_price_level:typical, late departure, next_day_arrival",162,False,typical,939,15 hr 39 min,$572,
SFO,DTW,2026-10-14,23:55,18:05 +1,,United,economy,1,cash,fast-flights,,602.0,602.0,USD,,602.0,True,,medium,/Users/dengcy/Library/Mobile Documents/com~apple~CloudDocs/Agent/Flight_search/cash/data/raw/sfo_dtw_2026-10-14_economy_fast_flights_raw.json,50.0,75.83,75.0,75.0,877.83,"provider_price_level:typical, late departure, next_day_arrival",163,False,typical,910,15 hr 10 min,$602,
SFO,DTW,2026-10-14,10:00,00:44 +1,,Delta,economy,2,cash,fast-flights,,977.0,977.0,USD,,977.0,True,,medium,/Users/dengcy/Library/Mobile Documents/com~apple~CloudDocs/Agent/Flight_search/cash/data/raw/sfo_dtw_2026-10-14_economy_fast_flights_raw.json,100.0,58.67,100.0,75.0,1310.67,"provider_price_level:typical, after-midnight arrival, next_day_arrival",164,False,typical,704,11 hr 44 min,$977,
SFO,DTW,2026-10-14,08:55,00:03 +1,,Delta,economy,2,cash,fast-flights,,1376.0,1376.0,USD,,1376.0,True,,medium,/Users/dengcy/Library/Mobile Documents/com~apple~CloudDocs/Agent/Flight_search/cash/data/raw/sfo_dtw_2026-10-14_economy_fast_flights_raw.json,100.0,60.67,100.0,75.0,1711.67,"provider_price_level:typical, after-midnight arrival, next_day_arrival",166,False,typical,728,12 hr 8 min,$1376,
SFO,DTW,2026-10-14,11:05,00:44 +1,,Delta,economy,2,cash,fast-flights,,1386.0,1386.0,USD,,1386.0,True,,medium,/Users/dengcy/Library/Mobile Documents/com~apple~CloudDocs/Agent/Flight_search/cash/data/raw/sfo_dtw_2026-10-14_economy_fast_flights_raw.json,100.0,53.25,100.0,75.0,1714.25,"provider_price_level:typical, after-midnight arrival, next_day_arrival",169,False,typical,639,10 hr 39 min,$1386,
SFO,DTW,2026-10-14,08:55,00:44 +1,,Delta,economy,2,cash,fast-flights,,1386.0,1386.0,USD,,1386.0,True,,medium,/Users/dengcy/Library/Mobile Documents/com~apple~CloudDocs/Agent/Flight_search/cash/data/raw/sfo_dtw_2026-10-14_economy_fast_flights_raw.json,100.0,64.08,100.0,75.0,1725.08,"provider_price_level:typical, after-midnight arrival, next_day_arrival",167,False,typical,769,12 hr 49 min,$1386,
SFO,DTW,2026-10-14,18:03,10:04 +1,,Sun Country Airlines,economy,1,cash,fast-flights,,,,USD,,,False,,low,/Users/dengcy/Library/Mobile Documents/com~apple~CloudDocs/Agent/Flight_search/cash/data/raw/sfo_dtw_2026-10-14_economy_fast_flights_raw.json,,,,,,"missing_price, provider_price_level:typical",170,False,typical,781,13 hr 1 min,Price unavailable,
